shocked-pillbox.name,2024-03-27T08:28:51+00:00,POST,/usr/local/bin/aside_pant_failing.ppt,418
violent-fedora.com,2023-12-06T23:46:20+00:00,PUT,/usr/local/bin/acknowledge_scaly.dll,201
young-birdcage.name,2023-10-31T01:16:28+00:00,POST,/lost+found/partially.def,204
199.15.39.143,2024-06-24T00:43:06+00:00,PUT,/proc/outside.azw,201
purple-release.net,2023-10-27T22:01:08+00:00,GET,/etc/ppp/pocket_watch.svg,201
weighty-porter.net,2024-04-02T14:05:34+00:00,PATCH,/var/log/weighty_annual.docx,200
neglected-marimba.net,2023-09-10T12:32:45+00:00,GET,/usr/libdata/besides.doc,500
broken-dress.name,2023-11-16T09:24:20+00:00,PUT,/sys/emboss.msp,400
potable-importance.name,2024-03-09T13:38:14+00:00,PATCH,/etc/periodic/ugh_um.webm,404
distinct-perp.info,2024-05-09T05:33:34+00:00,PUT,/boot/at_boo.midi,201
250.164.202.209,2024-01-29T02:11:52+00:00,DELETE,/var/mail/ample_worth_since.avi,400
regular-overheard.org,2023-07-27T06:59:15+00:00,PUT,/media/mouser.war,418
overdue-allocation.com,2024-05-06T00:26:56+00:00,POST,/Library/pace.js,500
134.235.191.131,2023-08-03T14:29:17+00:00,DELETE,/root/since.mp4,400
musty-tusk.org,2023-08-08T00:43:34+00:00,GET,/opt/share/successfully_whose_softly.list,204
156.35.97.14,2023-04-22T09:50:58+00:00,PATCH,/var/spool/taxicab_only_throbbing.in,404
fatal-digit.net,2024-04-18T07:53:21+00:00,DELETE,/opt/lib/blah_geez_ferociously.gz,404
flickering-responsibility.biz,2023-12-12T23:44:07+00:00,PATCH,/private/tmp/since_gadzooks.xlt,200
gaseous-attraction.info,2023-08-24T17:59:40+00:00,GET,/sys/especially.pkg,204
23.46.129.52,2024-03-28T23:28:31+00:00,POST,/usr/local/bin/jubilantly_despite_although.spx,418
candid-final.info,2023-11-03T04:08:56+00:00,PUT,/var/overload_hence.spx,502
162.132.105.193,2023-09-19T07:07:41+00:00,DELETE,/usr/local/bin/yawningly_coast.mp2a,404
21.91.114.81,2023-06-29T21:15:01+00:00,PUT,/usr/lib/lifestyle.csv,204
167.201.226.200,2023-11-21T04:17:03+00:00,PATCH,/opt/bin/wolf_regularly.lrf,204
209.198.74.110,2024-03-02T05:30:07+00:00,POST,/opt/include/out_ugh_conceptualize.opus,404
sociable-dulcimer.net,2024-05-16T05:58:27+00:00,POST,/boot/defaults/cool.ics,201
31.50.127.219,2024-06-27T09:20:02+00:00,GET,/var/yp/failing.aac,502
186.126.207.9,2024-06-25T00:43:39+00:00,DELETE,/opt/lib/round_suspension.js,200
ethical-lieu.biz,2023-09-27T22:48:28+00:00,GET,/net/carelessly.xml,418
217.29.63.9,2023-05-16T23:26:32+00:00,PUT,/sys/oh_near_boohoo.abw,400
rapid-tuxedo.com,2023-11-16T05:27:58+00:00,PATCH,/usr/src/suddenly.xlm,500
jealous-dream.com,2023-07-26T12:50:11+00:00,GET,/usr/include/aha.mid,201
127.153.81.1,2023-05-11T07:57:17+00:00,PUT,/var/spool/toward.eot,204
expert-legend.org,2023-08-09T20:27:46+00:00,GET,/sbin/which_common.jpg,500
127.83.191.94,2023-10-14T13:01:01+00:00,DELETE,/Library/specific_zowie_barring.html,500
some-cope.net,2024-06-21T14:30:50+00:00,DELETE,/usr/local/bin/certify_until.ods,204
202.120.83.166,2024-01-10T22:28:12+00:00,GET,/etc/ppp/boldly_interestingly.pptx,404
44.138.186.10,2023-05-02T09:40:22+00:00,GET,/home/user/near.mp4v,400
187.149.164.185,2024-06-18T19:57:49+00:00,PATCH,/Applications/decouple_enthusiastically.html,404
124.114.19.101,2023-09-24T21:08:05+00:00,POST,/usr/libexec/unbalance_hovel_questionably.woff2,400
246.47.142.76,2024-06-26T11:07:01+00:00,DELETE,/System/meanwhile.ogg,500
26.97.117.242,2023-04-05T01:40:01+00:00,PUT,/Library/though_adult_flu.jpe,204
144.207.229.179,2024-03-08T03:48:29+00:00,GET,/lib/among_for_apud.vst,201
198.41.20.225,2024-03-07T22:13:00+00:00,DELETE,/bin/aside_pant_alarmed.xlm,500
lanky-sonata.org,2023-05-02T00:26:25+00:00,PUT,/tmp/underneath_secondary.css,500
amused-duster.name,2024-04-06T15:42:56+00:00,POST,/net/and.vsd,502
147.111.121.44,2023-12-29T00:44:47+00:00,DELETE,/selinux/censor.dll,200
fruitful-pillbox.com,2024-03-19T10:20:45+00:00,POST,/etc/ppp/prejudge_black_and_white.mpe,201
paltry-advertisement.info,2023-06-25T11:12:15+00:00,DELETE,/etc/namedb/phooey.ear,201
223.239.173.115,2024-06-10T13:10:17+00:00,PUT,/mnt/wherever.mpeg,404
optimistic-cheetah.info,2023-12-27T00:25:06+00:00,POST,/home/beyond_pharmacopoeia.7z,204
long-term-fisherman.name,2024-02-09T16:31:46+00:00,POST,/usr/sbin/cake_nearly.dll,201
245.110.58.96,2023-06-24T19:51:25+00:00,DELETE,/var/tmp/hm_patiently.xla,204
229.108.7.46,2023-05-18T21:36:53+00:00,POST,/etc/mail/tremendously.3gpp,200
78.168.94.107,2024-03-17T11:16:24+00:00,PATCH,/usr/share/around_like_supposing.js,200
197.246.97.91,2024-01-14T14:12:11+00:00,PATCH,/home/user/redress.bmp,502
blaring-gradient.biz,2023-08-21T16:22:04+00:00,DELETE,/mnt/tasty_longingly.mpga,204
fatherly-bungalow.com,2023-05-17T05:51:12+00:00,PATCH,/usr/ports/masculinize.xlsx,201
230.132.142.225,2023-08-12T10:41:26+00:00,PATCH,/var/yp/mmm_bide_antelope.midi,500
unkempt-asset.name,2024-06-08T22:12:51+00:00,POST,/boot/defaults/thoughtfully.gz,400
admired-filter.org,2023-08-17T22:52:16+00:00,POST,/private/var/er_kindheartedly_pfft.mp2,200
aggressive-rubric.name,2024-06-26T08:56:29+00:00,PATCH,/Library/lest.m2a,204
vivacious-comparison.info,2024-02-02T20:43:41+00:00,PUT,/home/coliseum.pps,204
well-to-do-barracks.net,2023-04-06T01:54:19+00:00,PUT,/var/spool/key_sway.woff2,400
overdue-ghost.biz,2023-09-23T10:13:41+00:00,PUT,/etc/defaults/and.json,502
square-skyline.com,2024-04-26T08:48:19+00:00,PUT,/etc/mail/executor_downshift.json,201
international-goodwill.com,2024-06-26T05:16:41+00:00,PATCH,/Library/marketplace.kar,204
mealy-stall.net,2024-06-18T23:22:51+00:00,PUT,/selinux/against_geez.3gpp,500
21.169.75.79,2024-02-02T01:35:16+00:00,DELETE,/usr/ports/cap.bz2,502
yellow-configuration.net,2024-04-24T10:26:37+00:00,GET,/etc/defaults/obtrude_than_following.epub,200
15.131.104.235,2024-03-16T18:28:04+00:00,POST,/usr/X11R6/delightfully.jar,502
30.84.113.24,2023-11-14T18:46:41+00:00,PATCH,/usr/lib/every.ogv,201
54.42.179.204,2024-05-12T00:17:42+00:00,GET,/var/tmp/cantaloupe.azw,418
alienated-character.info,2024-01-26T00:02:41+00:00,GET,/etc/ppp/tomorrow.docx,400
196.50.112.184,2024-02-28T15:58:26+00:00,POST,/usr/local/bin/excluding.ini,404
aggravating-role.name,2023-05-05T09:51:30+00:00,GET,/selinux/sarong_blindly.dll,400
pointed-plumber.net,2023-07-16T07:27:53+00:00,POST,/opt/bin/from.xlm,502
128.223.80.99,2023-12-15T17:36:49+00:00,DELETE,/usr/libexec/robust.webm,204
187.235.129.58,2023-12-22T07:42:41+00:00,DELETE,/usr/share/across_ravel.htm,418
171.117.144.247,2023-06-10T15:18:38+00:00,PATCH,/usr/local/src/warmly_wry_offend.mpg,201
250.160.198.183,2023-07-26T14:01:54+00:00,PATCH,/tmp/although.ogx,502
109.174.38.124,2023-04-19T16:28:59+00:00,PUT,/boot/defaults/than_boo_scram.vsw,404
113.145.220.169,2024-06-24T22:15:06+00:00,POST,/private/var/coordinated_consequently.pps,500
10.59.242.35,2024-02-18T19:15:16+00:00,PUT,/usr/through_approach_off.ogv,400
228.145.83.161,2023-11-21T03:13:48+00:00,DELETE,/boot/innovate_bob.xls,200
familiar-minor.net,2023-09-26T09:08:42+00:00,POST,/boot/pillow_manipulate_suffocate.ods,400
75.113.208.206,2023-11-01T13:33:32+00:00,PUT,/etc/namedb/as.jpg,418
98.155.219.164,2023-05-10T17:51:48+00:00,PUT,/var/spool/disconnection.dump,400
ambitious-beret.name,2024-03-11T22:32:41+00:00,DELETE,/home/user/dir/anti.jar,204
18.245.45.127,2023-10-15T21:45:15+00:00,DELETE,/proc/phooey_aha.sh,500
102.101.116.206,2024-06-11T20:51:03+00:00,PUT,/etc/mail/woot.3gpp,400
73.37.157.195,2023-06-20T22:46:57+00:00,DELETE,/usr/soliloquy_upright.xht,204
24.213.124.40,2023-10-22T04:24:50+00:00,PATCH,/boot/regarding_utterly.vsd,400
97.56.114.209,2024-01-20T08:20:47+00:00,POST,/sys/backbone_along.webm,400
talkative-subsidy.name,2024-06-27T13:58:39+00:00,GET,/System/till_besides.tif,400
tidy-overheard.org,2023-06-24T14:57:56+00:00,PATCH,/media/powerfully_rotten.vss,404
105.86.120.249,2024-06-03T04:30:08+00:00,PATCH,/private/tmp/ridge_aw.csv,418
first-grandson.net,2023-12-08T20:57:09+00:00,DELETE,/usr/sbin/birdcage_but.spx,502
230.224.230.11,2023-07-08T10:55:20+00:00,PATCH,/usr/local/bin/consequently.ppt,204
124.98.76.119,2023-06-01T22:59:04+00:00,POST,/etc/defaults/tabulate.elc,204
potable-mobility.biz,2023-12-13T06:21:51+00:00,GET,/usr/X11R6/violent_athwart.otf,200
215.91.252.130,2023-11-10T10:01:59+00:00,DELETE,/etc/periodic/whether_honestly.sh,404
48.120.131.5,2024-02-28T12:58:00+00:00,DELETE,/etc/periodic/ponder_caption_barring.mpg,404
140.76.189.218,2023-08-28T19:12:29+00:00,POST,/etc/ppp/naughty_against_beyond.xml,500
206.73.150.110,2023-12-19T20:04:48+00:00,PUT,/net/very_good_fatally.ogx,200
spherical-pasta.biz,2024-07-02T10:02:41+00:00,DELETE,/opt/lib/where.map,400
14.38.96.246,2023-07-22T08:33:22+00:00,PUT,/etc/mail/aboard_unrealistic_times.m3a,400
shadowy-declaration.info,2024-04-08T09:40:02+00:00,POST,/opt/share/gallery.bz,200
courteous-veto.name,2024-02-04T13:02:42+00:00,POST,/etc/periodic/once_fooey.log,400
80.147.131.154,2023-04-14T16:30:59+00:00,PATCH,/tmp/sideboard_for.m1v,500
well-documented-summer.net,2023-06-20T11:48:01+00:00,PUT,/usr/libdata/but.xla,404
trained-sideboard.com,2023-08-29T07:54:19+00:00,GET,/etc/namedb/house_valiantly_reproachfully.mp4v,404
190.66.114.251,2023-07-08T15:41:16+00:00,GET,/Users/navigate_lovely_neighboring.oga,418
214.10.183.20,2023-11-06T10:05:59+00:00,GET,/private/tmp/redraw_psst.ttf,201
181.209.10.187,2023-08-05T07:25:40+00:00,DELETE,/usr/sbin/jumbo_along_extension.exe,418
4.89.213.144,2024-06-10T23:13:17+00:00,PUT,/opt/bin/duh_as.dmg,500
vibrant-freckle.net,2024-04-26T21:10:24+00:00,POST,/var/log/urban_concerning_pike.midi,400
12.163.135.190,2024-04-12T16:28:57+00:00,PUT,/var/yp/stupendous_grass.in,418
necessary-yak.biz,2024-03-24T20:59:58+00:00,GET,/boot/defaults/how_despite.list,404
impossible-chapel.name,2023-04-07T03:16:45+00:00,GET,/etc/ppp/gracefully.gif,204
16.147.204.59,2023-10-21T02:39:56+00:00,GET,/home/user/dir/bestride.vsw,404
115.251.96.32,2023-05-17T04:01:41+00:00,PATCH,/var/mail/rightfully.deploy,418
antique-solvency.net,2023-09-21T02:08:31+00:00,GET,/Users/unknown_unaccountably_graceful.csv,418
heartfelt-academics.info,2023-06-15T18:16:27+00:00,POST,/var/spool/tightly_optimistically.dump,404
96.232.193.202,2024-04-05T02:20:15+00:00,PATCH,/usr/local/src/whoa.svgz,400
227.51.26.62,2024-01-26T06:13:34+00:00,POST,/opt/bin/aha_phooey_upwardly.list,400
tepid-godparent.info,2024-01-05T13:21:52+00:00,PATCH,/usr/libdata/deduction_amidst.bz,418
5.64.18.67,2024-03-19T16:00:12+00:00,PATCH,/usr/sbin/intently.in,502
115.148.20.218,2024-03-27T22:10:37+00:00,PUT,/tmp/ew_saloon.exe,201
illustrious-pearl.name,2024-05-09T08:38:56+00:00,PUT,/etc/periodic/challenge_larva.deb,418
171.140.191.109,2024-03-10T23:40:50+00:00,GET,/bin/aha_merrily.csv,502
sleepy-curl.com,2024-01-10T14:59:14+00:00,DELETE,/var/spool/license_across_dependent.xsl,200
unlucky-sustenance.name,2023-12-25T18:38:25+00:00,POST,/selinux/broadcast_sad.svg,400
3.81.116.62,2024-03-05T09:56:28+00:00,PUT,/usr/ports/stiff_woot.jpe,502
specific-thorn.biz,2023-07-25T20:37:56+00:00,PATCH,/mnt/but_hmph_fray.mpg4,201
182.205.70.193,2023-09-25T06:56:43+00:00,DELETE,/boot/defaults/nervously_ah.svg,200
massive-dress.net,2023-06-22T12:24:10+00:00,POST,/usr/sbin/cook_once.azw,418
94.140.1.204,2024-02-02T07:27:09+00:00,DELETE,/var/log/ick.bz2,200
138.31.60.137,2023-07-14T03:49:31+00:00,PATCH,/dev/near_ugh.avif,500
190.149.122.7,2023-06-07T01:21:01+00:00,POST,/opt/share/braid_about.msi,500
193.128.203.236,2024-01-24T21:48:47+00:00,GET,/usr/local/bin/of.js,200
12.208.99.140,2023-07-23T16:05:38+00:00,PUT,/private/tmp/inure_willfully.xsd,418
190.27.111.92,2023-04-14T00:02:53+00:00,PATCH,/var/tmp/usefully_attraction_log.war,418
174.83.183.132,2023-04-23T02:54:12+00:00,GET,/opt/include/near_finally.jpg,201
67.55.155.125,2023-08-24T12:42:50+00:00,DELETE,/root/between_satirize.pdf,404
amused-decryption.biz,2023-12-31T13:38:22+00:00,GET,/sys/anti.pot,400
deficient-gradient.net,2024-03-16T10:22:08+00:00,POST,/usr/share/beside_likely_ick.xlw,404
220.230.230.4,2023-07-12T15:45:00+00:00,PUT,/boot/defaults/what_zowie_folklore.mp4v,201
134.84.238.21,2023-06-15T02:39:25+00:00,PATCH,/private/or.xlsx,200
round-pacemaker.net,2023-10-31T22:21:10+00:00,POST,/home/rough.img,201
23.0.228.118,2023-05-05T07:38:30+00:00,DELETE,/var/log/as_mob.mpga,400
wiggly-vein.info,2024-04-30T18:00:57+00:00,DELETE,/etc/mail/wherever.dll,502
208.199.42.71,2024-02-04T07:31:43+00:00,PATCH,/usr/obj/gosh_grounded.buffer,502
zesty-conservative.net,2024-04-23T22:16:05+00:00,DELETE,/home/negotiation_instead.zip,404
191.87.90.247,2024-04-16T22:31:57+00:00,POST,/usr/ports/prioritize_option_colorful.xlm,200
recent-packaging.org,2023-06-20T00:59:25+00:00,GET,/usr/obj/yowza.woff2,200
experienced-folklore.com,2024-06-04T03:11:03+00:00,PUT,/opt/include/publicize_furthermore.m3a,418
sure-footed-metal.biz,2023-04-13T02:23:38+00:00,GET,/etc/ppp/gently_foolishly.log,418
paltry-cook.name,2024-03-01T20:52:29+00:00,DELETE,/Users/yuck_lest.rar,500
123.94.19.68,2023-07-25T23:10:09+00:00,POST,/private/tmp/noon_precious_outrageous.xul,201
236.75.132.144,2024-02-07T20:08:29+00:00,PATCH,/home/user/whoever_psst.ts,400
juicy-mom.info,2024-03-16T06:49:13+00:00,PUT,/etc/namedb/yahoo.in,502
runny-flight.com,2023-06-10T01:23:26+00:00,DELETE,/media/chilly.html,200
241.2.179.7,2024-06-10T18:03:19+00:00,DELETE,/usr/sbin/over_unaccountably.bpk,404
complicated-cap.org,2023-09-25T05:25:25+00:00,PUT,/private/tmp/underplay_separately.img,204
99.15.152.209,2023-06-01T18:15:31+00:00,PATCH,/usr/src/abaft_shipper.jar,204
215.105.244.92,2024-06-22T08:17:36+00:00,DELETE,/usr/absent.html,204
hasty-sideboard.net,2023-05-11T12:02:12+00:00,POST,/home/user/dir/a.jpg,204
funny-bug.name,2023-06-02T17:09:20+00:00,POST,/var/log/nautical_ew.7z,204
23.187.192.112,2024-02-23T00:58:44+00:00,GET,/Network/outside_athwart_selfishly.doc,201
soggy-technologist.com,2024-01-03T00:35:25+00:00,POST,/var/mail/mmm_before_phew.spx,201
superficial-solvency.net,2023-05-31T02:27:12+00:00,DELETE,/private/var/aware.php,400
ambitious-cardboard.com,2024-03-10T18:46:08+00:00,PATCH,/boot/regarding.txt,201
229.196.249.28,2023-08-21T11:26:39+00:00,PUT,/opt/bin/speedily.log,204
sinful-scorpion.net,2023-12-23T15:01:05+00:00,POST,/var/spool/uh_huh_now.bz,502
192.149.49.212,2023-05-03T03:29:55+00:00,GET,/sbin/chromakey_silk_condense.log,201
motionless-hoof.name,2023-12-27T20:41:39+00:00,GET,/Library/incomplete_rationalize_unto.webm,200
snappy-bungalow.biz,2024-03-07T06:30:33+00:00,DELETE,/lib/opposite_bashfully.ico,404
181.241.37.158,2023-12-11T15:56:14+00:00,PATCH,/etc/periodic/slip.abw,404
174.247.59.250,2024-05-14T01:18:49+00:00,GET,/rescue/nab_whereas_yum.def,201
17.253.117.164,2023-04-07T21:34:42+00:00,PUT,/usr/share/yahoo.dmg,502
fragrant-cycle.com,2024-06-25T13:03:29+00:00,PATCH,/var/tmp/digestive_yippee.xls,502
finished-epic.info,2024-03-17T06:16:04+00:00,DELETE,/private/tmp/behind_although_bah.doc,502
100.127.60.108,2024-01-26T11:33:50+00:00,PATCH,/etc/periodic/bah_flu.vss,201
icy-trick.com,2024-01-01T22:35:06+00:00,DELETE,/usr/even_enroll_ape.ods,418
31.56.202.105,2024-04-25T23:40:11+00:00,DELETE,/usr/libdata/times_glum_whereas.dmg,502
gigantic-obesity.org,2023-08-03T18:19:16+00:00,POST,/usr/bin/grouper_frivolous_hastily.bz2,204
161.37.26.38,2023-08-29T06:37:40+00:00,GET,/selinux/reassuringly.mp3,404
51.209.240.253,2023-04-17T06:57:33+00:00,DELETE,/selinux/all_unless_unblinking.xlt,201
illiterate-bin.org,2023-10-24T13:42:55+00:00,PATCH,/usr/include/phooey_winding.epub,204
73.254.76.111,2024-05-13T09:17:39+00:00,PATCH,/var/tmp/flickering_whoever_woot.ttf,500
gracious-brace.biz,2023-04-17T16:27:02+00:00,POST,/rescue/frightfully_goose_lest.pot,418
rusty-bump.org,2024-05-02T00:17:29+00:00,DELETE,/boot/throughout_boo.zip,400
23.235.229.20,2024-02-29T13:26:28+00:00,POST,/usr/sbin/whoa_or_meh.tif,204
accomplished-alert.net,2024-04-12T14:42:42+00:00,PUT,/usr/sbin/anti_recede.wav,400
steep-brook.org,2024-01-06T03:17:50+00:00,POST,/private/tmp/whose.bmp,201
85.177.62.210,2023-09-21T21:36:30+00:00,POST,/opt/sbin/offensively_mysterious_cow.gz,400
213.240.242.234,2023-04-28T07:26:53+00:00,POST,/etc/ppp/lest.mar,400
91.101.227.219,2024-01-15T21:42:05+00:00,PATCH,/etc/mail/concerning_miserably.m1v,204
upright-polyester.net,2024-05-25T06:17:08+00:00,PUT,/Applications/bran_before_pry.zip,418
negligible-deployment.biz,2023-07-08T10:14:13+00:00,GET,/usr/local/bin/gosh.webm,204
55.9.93.175,2023-06-04T09:33:38+00:00,DELETE,/proc/insist_reword.mp4v,400
petty-humidity.org,2024-02-15T16:51:58+00:00,DELETE,/bin/bah.vss,201
roasted-diver.com,2024-03-03T18:10:52+00:00,PATCH,/private/var/chairperson_classic.php,400
234.33.201.1,2023-12-14T01:58:00+00:00,GET,/etc/vast_hence.bz,204
old-fashioned-hyphenation.org,2023-11-25T07:20:48+00:00,PUT,/lost+found/brr_outfit.mpeg,204
distorted-stitcher.org,2024-06-21T18:10:06+00:00,POST,/private/tmp/stigmatize_stylish.xml,418
216.147.109.221,2023-06-28T16:54:08+00:00,GET,/Applications/arrange_sin.txt,400
silver-scaffold.name,2024-02-22T16:54:23+00:00,GET,/lost+found/mockingly.3gpp,204
each-orchid.biz,2024-05-06T18:56:47+00:00,POST,/etc/periodic/besides.vst,200
74.18.55.191,2024-03-05T14:45:14+00:00,GET,/etc/namedb/approach_affect_reassuringly.3g2,201
148.237.203.30,2023-09-02T21:12:59+00:00,PATCH,/var/though_onto.boz,404
234.188.136.196,2024-02-29T11:30:50+00:00,PUT,/usr/include/ick_psst.kar,502
234.0.216.108,2024-05-05T16:08:46+00:00,DELETE,/var/tmp/till_quintuple.mpkg,502
acidic-traffic.info,2023-09-12T06:34:00+00:00,DELETE,/var/log/less.weba,418
lucky-folklore.org,2023-05-30T14:53:21+00:00,PATCH,/usr/share/cooperative.shtml,200
249.34.41.155,2023-04-11T02:22:42+00:00,GET,/var/spool/tender_grandpa.xlt,502
smoggy-nun.net,2024-03-26T03:48:31+00:00,DELETE,/media/the.pps,404
19.74.143.202,2023-07-21T10:11:14+00:00,POST,/home/user/instruction_infamous.docx,502
cumbersome-fax.org,2024-05-26T00:00:31+00:00,DELETE,/usr/include/short.log,418
sophisticated-middle.info,2023-07-07T15:38:26+00:00,PUT,/var/spool/quixotic.pptx,418
155.133.217.33,2023-10-10T11:37:42+00:00,PATCH,/usr/libdata/yahoo_cruelty_axe.css,201
corny-dredger.org,2024-04-20T04:37:56+00:00,POST,/lost+found/um.tiff,500
187.179.110.104,2024-02-28T03:29:23+00:00,PUT,/usr/volleyball_butter.otf,200
137.64.67.233,2024-05-18T19:15:12+00:00,PUT,/private/flame.azw,400
226.204.206.60,2024-04-12T01:32:08+00:00,PUT,/opt/include/battle_incinerate_why.docx,201
53.153.33.148,2023-06-26T00:11:21+00:00,DELETE,/usr/X11R6/joshingly_punctually.exe,201
243.157.85.60,2023-05-19T15:34:49+00:00,DELETE,/home/before.txt,400
stingy-overcoat.name,2023-08-16T14:51:53+00:00,POST,/var/lampoon.bz,400
liquid-millet.biz,2023-06-09T00:23:05+00:00,DELETE,/boot/grounded.mar,200
14.107.11.93,2023-10-18T19:33:58+00:00,POST,/mnt/cautiously_as_whoever.weba,400
carefree-availability.name,2023-06-25T07:04:18+00:00,DELETE,/etc/old_sightseeing_yippee.docx,502
burdensome-swing.biz,2024-02-14T07:17:03+00:00,PUT,/usr/shiny.vsw,404
optimal-unique.name,2023-07-05T13:15:55+00:00,DELETE,/etc/defaults/mortar_worriedly.pdf,502
119.202.226.151,2023-10-14T17:25:43+00:00,PATCH,/usr/local/bin/unnecessarily_for_fooey.mp4,204
89.210.22.70,2023-11-20T05:45:15+00:00,GET,/usr/include/kindheartedly.jpe,500
nifty-handful.com,2023-05-07T01:33:14+00:00,POST,/opt/share/forenenst.3g2,201
sentimental-handful.biz,2024-04-05T08:42:28+00:00,PATCH,/etc/namedb/veg_e_mail_promptly.bin,404
4.180.214.84,2024-03-29T00:28:23+00:00,PATCH,/selinux/hearten.3gpp,418
basic-brush.biz,2023-12-30T02:18:28+00:00,POST,/usr/ports/since.mp4,200
95.73.143.23,2023-08-08T01:18:33+00:00,POST,/usr/libexec/lady_tuba.bmp,204
142.39.246.97,2023-08-31T14:14:57+00:00,PATCH,/net/for_trek.so,500
178.243.213.60,2024-02-25T07:01:25+00:00,DELETE,/private/tmp/unless_haul_safely.dms,502
pastel-harp.net,2024-02-18T11:33:39+00:00,GET,/opt/lib/firsthand_defrag.pot,200
sour-finger.biz,2023-06-14T17:02:16+00:00,GET,/usr/X11R6/bliss_finally_tempting.bz2,502
232.41.107.231,2023-09-02T02:38:56+00:00,POST,/tmp/though_juggernaut.ico,200
uneven-midwife.com,2023-07-23T10:23:10+00:00,GET,/dev/prohibition.opus,400
114.45.170.134,2024-06-09T14:31:13+00:00,DELETE,/etc/defaults/sore.ttf,200
138.210.116.49,2023-11-15T23:10:11+00:00,DELETE,/bin/upright_thoughtfully_pish.weba,502
173.35.251.72,2024-03-14T01:16:42+00:00,PUT,/usr/share/at_fabricate.mp4v,201
150.53.176.114,2023-11-14T13:11:12+00:00,DELETE,/usr/now.epub,500
222.141.25.156,2023-08-10T01:18:48+00:00,POST,/var/mail/excitedly_openly_separately.php,418
30.6.56.250,2023-04-03T00:51:07+00:00,POST,/home/user/lowball_reword.mid,418
110.0.219.229,2023-11-26T23:30:58+00:00,PUT,/private/lobotomise_gray_yuck.aac,500
stiff-thunderbolt.org,2023-11-22T16:20:05+00:00,POST,/Applications/release_innocent_indeed.in,404
scientific-sand.com,2024-05-21T14:39:38+00:00,DELETE,/var/log/skeletal_superb_haversack.3g2,500
hurtful-settler.name,2024-05-05T19:34:28+00:00,GET,/rescue/quarrel_limply.mid,200
215.100.51.111,2023-10-28T11:15:30+00:00,GET,/usr/libdata/dandelion.lrf,204
121.176.71.247,2023-11-07T16:07:08+00:00,POST,/srv/after.xlt,204
filthy-clamp.name,2024-05-11T22:27:26+00:00,POST,/opt/include/shovel_supposing.json,204
forsaken-legislature.net,2023-04-04T09:22:01+00:00,POST,/usr/libdata/yahoo.otf,418
wonderful-allocation.biz,2023-09-26T01:11:48+00:00,PUT,/var/spool/gosh_extension.mpg4,400
lumpy-godfather.info,2024-03-02T16:23:41+00:00,DELETE,/usr/X11R6/consequently.sh,400
213.172.160.63,2023-07-25T03:01:16+00:00,PATCH,/usr/X11R6/for_supposing.epub,204
teeming-summary.org,2024-05-23T20:09:07+00:00,GET,/var/spool/especially_what_among.m2v,400
11.120.114.235,2024-05-24T07:39:19+00:00,PUT,/opt/sbin/holster.elc,204
snappy-kinase.com,2023-04-25T00:53:55+00:00,GET,/opt/include/reflecting_never_mmm.ogx,500
unhealthy-range.com,2024-03-18T03:49:29+00:00,DELETE,/usr/X11R6/defendant.map,201
voluminous-sunbeam.info,2024-02-08T02:54:13+00:00,PATCH,/opt/sbin/flight_trust.msp,201
247.91.153.115,2023-06-15T15:53:15+00:00,GET,/usr/X11R6/below_round.xlw,500
114.242.160.34,2023-11-28T06:21:17+00:00,PUT,/var/yp/anenst_relative.deb,502
dutiful-accelerator.name,2023-07-12T18:11:12+00:00,PATCH,/proc/appliance.mpeg,404
lean-foodstuffs.net,2024-04-17T17:49:09+00:00,POST,/opt/include/resolve_instead.ear,404
irresponsible-provider.net,2024-05-28T12:05:23+00:00,POST,/opt/patiently.csh,400
200.231.98.241,2023-06-22T23:38:19+00:00,GET,/Users/and_substantiate.gif,500
advanced-solvency.info,2024-04-17T20:28:08+00:00,PATCH,/usr/src/millet_drat_excitedly.ogg,400
amazing-swing.name,2024-03-02T07:04:45+00:00,DELETE,/var/spool/cannibalise_dial.xhtml,500
huge-numeric.com,2023-06-29T02:15:48+00:00,DELETE,/var/mail/amused_stealthily_likewise.mp4,500
100.63.150.122,2024-04-25T02:08:14+00:00,DELETE,/selinux/though_polished.otf,204
tough-skeleton.info,2023-06-30T11:52:34+00:00,DELETE,/usr/include/though.midi,200
2.27.161.155,2024-03-06T08:43:09+00:00,DELETE,/boot/defaults/afterwards_ack.msp,200
23.116.106.185,2024-06-24T21:37:12+00:00,PUT,/home/sandbar_hmph_hoof.xlt,200
161.42.99.240,2023-08-19T18:21:51+00:00,POST,/home/behind.dmg,400
250.183.46.199,2023-07-07T15:25:48+00:00,POST,/sys/although_hence.ear,418
international-privilege.name,2023-07-07T05:08:12+00:00,POST,/home/apricot_wasabi.ods,201
focused-scrap.net,2024-02-18T03:18:35+00:00,POST,/System/markup_regularly_scruple.mpeg,418
31.84.85.142,2023-06-29T12:52:43+00:00,GET,/opt/share/yuck_after_weary.js,400
dental-blossom.biz,2024-01-17T03:49:22+00:00,GET,/usr/src/er.jar,404
confused-instruction.com,2024-06-13T08:39:25+00:00,PUT,/Applications/afore.msp,404
brilliant-handful.info,2023-09-18T06:24:48+00:00,DELETE,/home/user/dir/gosh.tif,201
148.230.217.27,2024-04-20T09:12:40+00:00,DELETE,/boot/ugh_own_drat.xhtml,201
32.47.150.234,2024-05-18T08:43:23+00:00,POST,/home/user/with_but.ear,204
152.132.234.76,2023-06-13T21:46:43+00:00,DELETE,/bin/consequently_masterpiece_since.odt,404
158.108.129.97,2024-04-26T23:32:18+00:00,GET,/boot/provided_until.exe,404
querulous-doing.name,2023-06-09T20:42:32+00:00,PATCH,/dev/upward_bliss_beautifully.mjs,400
138.53.86.129,2023-11-30T14:58:34+00:00,GET,/etc/ppp/fencing_modulo.php,404
231.210.53.226,2023-09-01T13:34:03+00:00,POST,/var/yp/during_spork_until.conf,200
218.34.200.124,2023-10-27T14:51:55+00:00,PUT,/etc/namedb/quietly.buffer,400
trained-laughter.net,2024-02-18T05:39:37+00:00,PUT,/boot/defaults/unless.wav,201
stained-cuckoo.biz,2024-02-25T09:24:20+00:00,GET,/usr/src/successfully_juvenile.m1v,500
124.228.215.119,2023-11-03T12:41:45+00:00,GET,/var/yp/cinder_meaningfully_gosh.woff,204
34.136.188.1,2024-01-21T18:53:04+00:00,PUT,/etc/except_energetically_whoa.jpg,502
109.232.254.155,2023-11-18T22:16:38+00:00,GET,/lost+found/nor_deceivingly.xhtml,200
225.5.233.221,2023-11-05T12:28:00+00:00,POST,/lib/median.ini,418
petty-seafood.name,2024-03-23T12:10:23+00:00,PUT,/sys/decode.ogx,400
255.36.228.210,2023-08-05T03:43:15+00:00,DELETE,/var/phew.ogg,204
speedy-advancement.net,2024-02-25T12:23:29+00:00,POST,/usr/local/bin/pertinent_intrepid.doc,500
deserted-bungalow.com,2023-10-30T19:51:08+00:00,PUT,/var/mail/alliance_woefully.deploy,204
183.81.103.136,2023-07-05T05:40:07+00:00,POST,/etc/aw.exe,404
considerate-relative.org,2024-02-16T03:40:12+00:00,GET,/var/spool/along_righteously_put.xsl,404
87.60.105.223,2023-09-26T07:33:52+00:00,GET,/usr/share/excited_circular_fraudster.xht,500
151.30.116.27,2023-11-16T19:24:01+00:00,POST,/media/now_unbearably.abw,418
241.175.116.255,2023-06-13T08:35:02+00:00,PUT,/var/naughty_vice_while.xhtml,200
147.92.125.252,2023-08-02T07:55:28+00:00,DELETE,/root/fencing_muddy_swiftly.ico,418
humiliating-flame.org,2023-11-26T19:37:23+00:00,GET,/lib/option_astride_until.deploy,418
229.96.11.27,2023-07-06T13:36:11+00:00,POST,/media/pish_last.xht,200
descriptive-plugin.net,2023-08-03T12:26:55+00:00,PUT,/usr/obj/who.kar,502
impassioned-kinase.org,2023-09-03T03:39:54+00:00,DELETE,/boot/apropos_nor.vsd,204
173.169.216.123,2024-04-20T13:56:25+00:00,PUT,/private/tmp/derby_smoothly.mp4,201
abandoned-pillow.biz,2024-03-23T08:38:16+00:00,PUT,/opt/lib/meanwhile_pfft.xla,400
31.167.81.29,2024-02-06T05:24:42+00:00,POST,/usr/share/gazebo.ogx,404
93.50.4.239,2024-04-29T08:11:41+00:00,DELETE,/usr/sbin/if_treble.shtml,400
wise-gradient.net,2023-07-17T10:03:15+00:00,GET,/lost+found/quick_witted_and_slap.arc,502
23.49.175.140,2023-12-05T01:25:20+00:00,GET,/opt/bin/difficult.log,201
60.93.178.61,2023-10-15T20:30:49+00:00,GET,/boot/descriptive_internal.azw,200
130.183.211.110,2023-11-28T18:19:43+00:00,GET,/home/user/dir/gee_amazing_whereas.jsonld,400
gray-chairperson.biz,2023-12-21T06:51:44+00:00,POST,/private/tmp/woot.rar,500
123.187.141.91,2024-04-11T07:08:50+00:00,DELETE,/Network/pitiful.msi,204
near-emergent.name,2023-08-29T04:43:36+00:00,PATCH,/opt/lib/often_sleepily_stake.mp2,201
jubilant-formula.biz,2023-10-12T01:36:39+00:00,PUT,/selinux/ha_humiliating_searchingly.eot,400
219.65.104.141,2024-04-13T11:45:09+00:00,PUT,/etc/ppp/basic_provision_yet.war,204
144.40.97.248,2023-04-19T21:25:21+00:00,DELETE,/etc/periodic/eek_warmly_invite.ogv,400
black-and-white-detective.biz,2024-04-10T18:05:46+00:00,DELETE,/etc/periodic/round.3g2,200
affectionate-sonnet.org,2023-05-10T21:18:34+00:00,GET,/var/mail/abaft.xla,418
worst-grandpa.info,2024-06-23T13:24:45+00:00,POST,/home/user/testimonial_waterspout_since.m3a,418
182.97.1.148,2024-04-19T05:24:14+00:00,PATCH,/usr/src/since_irritably.rmi,500
muted-peninsula.name,2024-05-27T16:03:52+00:00,PATCH,/var/shimmering_duh.css,404
31.112.46.102,2023-12-24T07:38:21+00:00,PUT,/var/yp/after.abw,201
valuable-colonialism.org,2024-06-30T13:54:43+00:00,GET,/Network/allegation_a.bpk,500
178.51.68.104,2023-11-20T23:49:36+00:00,POST,/usr/local/bin/yippee_boldly_who.xsd,400
ignorant-rule.name,2023-06-23T08:48:21+00:00,DELETE,/home/supplier_boo_fair.epub,400
good-jazz.net,2023-08-27T13:04:11+00:00,GET,/opt/unlike_meh_cuckoo.mp3,200
similar-validity.biz,2024-03-02T04:42:04+00:00,POST,/bin/technologist_lawmaker.ics,201
expensive-negotiation.biz,2024-03-09T17:19:37+00:00,POST,/root/pish_forenenst.iso,502
100.167.54.219,2024-03-20T05:30:19+00:00,PUT,/tmp/deplore_that_kiddingly.xhtml,404
37.23.190.105,2023-09-26T04:24:10+00:00,PATCH,/usr/src/apud_until_pop.distz,400
51.50.33.33,2023-10-24T05:19:03+00:00,DELETE,/etc/periodic/feline_reproachfully_an.tiff,204
155.9.237.205,2024-04-07T03:59:10+00:00,PUT,/lib/unless.xsd,500
scientific-moment.biz,2023-10-19T09:35:54+00:00,PUT,/usr/uh_huh.mp2,204
119.84.223.206,2023-08-23T03:08:13+00:00,GET,/etc/defaults/briskly.mp2,404
96.73.218.68,2024-06-01T11:32:15+00:00,DELETE,/var/log/hefty_symbolise_failing.eot,400
76.174.173.15,2024-03-15T21:48:24+00:00,PUT,/usr/include/till_hm.htm,204
artistic-bonfire.com,2023-08-12T07:28:56+00:00,POST,/private/parched_beyond.deb,200
37.42.214.47,2023-12-16T04:11:52+00:00,POST,/usr/lib/for_thoroughly.mpe,418
altruistic-role.org,2024-02-04T17:34:45+00:00,GET,/opt/lib/avow.exe,502
177.52.67.101,2023-09-14T22:19:58+00:00,PATCH,/usr/ports/charm_whereas_jacket.otf,201
excitable-knickers.name,2024-03-23T02:23:17+00:00,DELETE,/srv/kissingly_newsletter_idolized.avi,201
nice-adviser.name,2023-04-12T22:43:44+00:00,DELETE,/home/tabulate.dump,204
37.212.56.208,2024-05-01T17:48:05+00:00,PATCH,/var/mail/epic_partial.rar,200
97.108.7.83,2023-10-18T14:56:24+00:00,PATCH,/etc/namedb/instead_angelic_noisily.azw,418
back-repeat.name,2023-04-30T23:56:56+00:00,GET,/usr/libexec/impressive_esteemed_punctual.zip,200
101.245.139.87,2023-09-10T23:31:55+00:00,DELETE,/bin/wry.tar,418
poor-carboxyl.com,2024-05-20T15:19:24+00:00,PATCH,/etc/vaguely_meh.ifb,400
59.163.190.203,2023-08-30T23:34:06+00:00,GET,/rescue/surprised_yawningly.mpga,404
180.127.109.247,2024-03-28T21:22:32+00:00,DELETE,/root/mathematics_very_alb.msi,400
disloyal-haversack.net,2024-03-25T10:36:42+00:00,PATCH,/private/var/consequently.ts,418
realistic-almighty.org,2024-06-07T09:38:04+00:00,GET,/usr/sbin/cafe_mountain_rigidly.mpga,200
42.21.36.190,2024-03-26T18:39:48+00:00,PATCH,/var/yp/gape_singing_ha.mpg,500
122.221.173.155,2023-04-27T20:09:01+00:00,GET,/usr/libdata/incidentally.pkg,500
tough-avalanche.net,2023-10-27T21:39:40+00:00,POST,/mnt/the_softly.vss,200
late-secret.name,2024-03-19T06:15:11+00:00,GET,/proc/beautifully_likewise.elc,404
triangular-marimba.info,2023-10-25T23:04:26+00:00,PUT,/bin/accurate_apostrophize.xht,500
234.125.242.227,2023-12-29T10:49:45+00:00,DELETE,/etc/defaults/till_carelessly_abandoned.rng,201
annual-gradient.net,2023-11-14T17:14:25+00:00,DELETE,/lost+found/so_secondary.mpg,418
disloyal-status.net,2024-01-02T06:02:07+00:00,PATCH,/etc/ppp/late.js,502
13.148.182.34,2024-01-17T15:49:27+00:00,POST,/etc/namedb/unused_bonnet.distz,204
107.9.76.5,2024-05-05T04:14:50+00:00,POST,/usr/lib/times.dump,204
steel-brush.info,2023-06-23T03:18:03+00:00,PUT,/opt/share/shameful_righteously.avif,502
crushing-asset.name,2023-11-07T13:14:38+00:00,GET,/rescue/thoughtfully.bz,200
frank-flint.biz,2024-01-29T09:42:32+00:00,PUT,/usr/src/boohoo_recklessly_focused.vst,418
well-made-husband.info,2023-07-09T00:18:12+00:00,POST,/opt/share/times_pleased.mpg4,200
noted-bowler.name,2023-12-16T13:26:11+00:00,PUT,/etc/mail/while.gif,200
slow-birdbath.org,2024-02-07T06:25:49+00:00,PUT,/boot/defaults/softly.img,502
226.192.178.39,2024-01-25T10:23:04+00:00,PUT,/sbin/knowledgeable_yowza_well_worn.bin,200
26.52.43.245,2024-01-26T21:23:00+00:00,PATCH,/var/tmp/dereference_pulp.xsl,500
93.61.156.37,2023-06-10T04:42:49+00:00,PUT,/media/gah.ogv,500
raw-edge.info,2023-05-12T04:11:29+00:00,PATCH,/opt/vacantly_upright_lest.map,500
105.209.19.228,2024-05-13T04:25:20+00:00,GET,/usr/local/src/rejoin_huzzah.text,500
45.98.53.85,2023-11-03T12:04:18+00:00,PATCH,/mnt/if_digital_excitedly.mpeg,201
124.144.201.137,2024-02-29T06:17:53+00:00,DELETE,/rescue/what_jealously.mpkg,201
174.221.80.198,2024-04-04T12:10:43+00:00,GET,/Users/wilderness.rar,200
stormy-courtroom.com,2023-10-29T15:37:31+00:00,PATCH,/usr/libdata/mortally_sharply.sh,502
124.205.226.162,2023-12-28T19:37:49+00:00,PUT,/etc/namedb/rot_developing.ics,204
steel-tectonics.com,2023-04-30T20:09:38+00:00,GET,/var/mail/agitated_wildly_merrily.jpeg,204
impartial-derby.net,2023-08-15T15:57:55+00:00,PUT,/private/var/well_to_do_ectoderm.spx,201
rotating-fishery.net,2023-06-16T03:52:06+00:00,DELETE,/home/user/dir/gee_quintuple_hmph.iso,201
220.225.218.222,2024-01-02T09:02:19+00:00,POST,/var/tmp/decent_whoever_excluding.kar,400
squiggly-suitcase.org,2023-07-03T11:58:18+00:00,GET,/lib/behest_delirious_downchange.xla,204
french-cope.info,2023-08-26T04:43:07+00:00,GET,/home/user/dir/which_obsess_pillbox.mpkg,201
taut-pasta.org,2023-09-21T12:52:12+00:00,POST,/var/yp/nab_yahoo_amidst.xht,400
162.200.11.229,2024-04-07T05:44:38+00:00,PUT,/opt/include/where.tar,200
monumental-mechanic.org,2023-04-18T03:42:22+00:00,PATCH,/lost+found/jot_cellar_until.3g2,204
130.200.79.91,2023-10-21T14:15:46+00:00,POST,/opt/sbin/evenly_pleased_viability.xht,404
117.177.123.12,2023-05-01T03:09:50+00:00,PATCH,/usr/include/underneath_marksman.php,200
average-word.biz,2023-09-05T11:48:34+00:00,PATCH,/home/shameless_severe.webm,404
unimportant-dandelion.com,2023-10-05T17:28:39+00:00,PATCH,/selinux/so.dms,200
hopeful-descendant.biz,2024-06-03T21:10:00+00:00,GET,/usr/libexec/flight_pigpen.webm,502
firsthand-disconnection.biz,2023-06-13T11:35:39+00:00,PUT,/usr/obj/aboard_wholly_border.mp3,201
gentle-reporter.net,2024-04-10T09:47:19+00:00,DELETE,/media/ingratiate_reluctantly.docx,500
217.221.85.15,2023-04-20T21:50:46+00:00,PATCH,/net/but_hm.vst,400
edible-cutlet.com,2023-07-23T14:12:29+00:00,PUT,/mnt/fortunately.mp4,500
13.166.10.25,2024-03-10T01:12:09+00:00,GET,/selinux/discourse_woot.rng,404
130.2.10.170,2023-11-06T20:11:18+00:00,GET,/Network/authentic.woff2,500
246.127.71.167,2023-06-21T06:31:22+00:00,POST,/usr/local/src/gadzooks.ods,201
127.253.39.173,2023-11-23T14:31:02+00:00,POST,/media/shush.html,201
231.153.142.44,2024-05-16T22:50:41+00:00,DELETE,/etc/mail/neglect_soon_delectable.m1v,204
52.8.90.70,2023-07-30T17:21:29+00:00,PATCH,/Network/detective_cash_provision.mpe,502
average-peninsula.net,2024-03-27T16:47:47+00:00,DELETE,/opt/sbin/hateful_simple_peppery.kar,502
141.153.2.81,2023-09-01T23:58:12+00:00,PUT,/private/tmp/across_gah_off.ogg,400
ordinary-finding.name,2023-06-05T03:53:02+00:00,DELETE,/boot/rapidly_oh_coop.text,204
193.55.196.203,2023-07-03T07:35:49+00:00,DELETE,/usr/src/ah.json,201
119.53.164.243,2023-10-18T14:37:30+00:00,GET,/usr/bin/gadzooks_jaggedly.jpeg,200
qualified-spear.info,2023-05-09T02:56:15+00:00,GET,/usr/share/inventory_pave.war,204
definite-daughter.net,2023-06-23T08:05:35+00:00,GET,/usr/share/whoever_troubled.ear,204
99.84.98.74,2024-06-16T00:40:09+00:00,PATCH,/usr/libexec/obnoxiously_wrongly.xht,400
urban-asset.biz,2023-07-22T02:43:54+00:00,POST,/usr/local/bin/sign_indeed_likewise.jsonld,500
which-cutlet.net,2023-10-21T15:42:45+00:00,DELETE,/boot/consequently_gigantic_whose.text,400
webbed-devastation.biz,2024-05-09T05:55:03+00:00,DELETE,/sbin/fen_yippee.jar,201
128.86.125.242,2023-06-22T02:47:23+00:00,PUT,/private/inside.ttf,404
unhappy-pharmacopoeia.com,2023-08-16T06:29:32+00:00,GET,/srv/below.vss,400
231.191.141.102,2023-08-11T22:42:19+00:00,DELETE,/home/user/dir/evince.jpg,404
226.7.163.14,2024-02-27T07:28:23+00:00,DELETE,/home/enchanted_broadly.dll,200
56.196.20.37,2024-06-30T06:30:19+00:00,PATCH,/usr/bin/made_up_conjecture.css,418
34.24.116.218,2024-05-09T21:52:36+00:00,GET,/opt/share/underpants_unless.mar,418
81.43.210.9,2023-11-03T10:34:51+00:00,POST,/usr/local/src/pigpen_proud_rally.woff,400
white-bug.org,2023-11-07T06:54:29+00:00,GET,/usr/local/src/comestible_shampoo_duh.mp2a,502
237.233.69.164,2024-01-12T17:44:53+00:00,DELETE,/etc/defaults/along_league.m3a,500
199.129.54.91,2023-06-06T09:48:47+00:00,DELETE,/usr/X11R6/via_concentration.text,201
37.126.172.148,2023-07-13T09:30:19+00:00,GET,/var/tmp/bustling_merrily_drat.3gp,500
128.244.65.108,2023-11-04T04:55:01+00:00,PUT,/var/mail/scorpion.webp,502
134.215.200.51,2023-12-06T09:54:30+00:00,PUT,/media/informal_but_coarse.weba,200
blind-recovery.name,2023-07-10T15:19:34+00:00,POST,/lost+found/for_convoke.docx,201
231.176.140.139,2023-09-22T04:03:40+00:00,PATCH,/System/preheat_pace.odt,404
charming-horde.name,2023-09-18T03:31:13+00:00,GET,/var/spool/huge_although_as.xls,204
50.215.177.226,2024-05-17T11:50:27+00:00,POST,/boot/closely_euphonium.3g2,201
frilly-custom.org,2023-05-28T18:04:01+00:00,POST,/bin/lady_when_parade.ifb,502
15.243.97.169,2023-06-20T15:57:20+00:00,PUT,/boot/yahoo.vsd,201
brave-draft.com,2023-04-20T22:51:42+00:00,PUT,/media/indeed_cheerfully_commandeer.gif,201
well-lit-vista.biz,2024-05-25T03:03:53+00:00,POST,/var/spool/than_flat.mp4,201
rare-grass.biz,2024-04-27T23:00:05+00:00,PUT,/lost+found/amongst.mpeg,201
229.1.240.77,2023-06-23T07:42:07+00:00,GET,/lib/honestly_while.txt,502
188.118.160.113,2024-04-27T05:46:18+00:00,DELETE,/srv/ouch_next_testimonial.mp3,200
brilliant-middle.name,2024-02-24T22:23:59+00:00,GET,/etc/defaults/barring.dist,400
85.55.163.86,2023-07-23T16:25:53+00:00,DELETE,/etc/continually_ick_generously.mjs,502
unwieldy-reboot.info,2024-01-26T01:09:51+00:00,GET,/net/hence_sarong_intently.mpeg,502
untimely-league.org,2023-11-23T14:47:37+00:00,POST,/selinux/out_range_often.tif,201
55.183.136.203,2023-12-17T16:22:03+00:00,PUT,/usr/bin/for.deploy,502
prudent-sand.net,2023-07-25T00:39:29+00:00,POST,/lost+found/character_compete_gah.avi,204
unwritten-developmental.net,2024-04-15T05:48:27+00:00,DELETE,/lost+found/cricket.aac,502
cruel-skean.org,2023-05-12T21:21:10+00:00,PUT,/var/spool/programme_minor.svgz,404
homely-remark.com,2023-06-03T07:10:40+00:00,DELETE,/lost+found/unlucky_sense.bz,418
93.39.27.4,2023-07-28T22:32:04+00:00,POST,/dev/selfishly.avif,201
131.116.186.108,2023-10-23T16:35:21+00:00,PUT,/usr/obj/premier_brush_openly.mpg4,418
frilly-metabolite.org,2024-04-23T12:33:33+00:00,PUT,/etc/namedb/polite.abw,201
nocturnal-worth.info,2024-03-21T23:52:47+00:00,PATCH,/System/until_muted.webm,400
222.166.130.203,2023-06-04T03:09:42+00:00,PUT,/lost+found/mammoth.mid,400
wobbly-shadowbox.biz,2024-06-26T22:56:26+00:00,DELETE,/usr/libdata/silently_gadzooks_round.tif,200
173.183.7.80,2023-05-08T20:36:53+00:00,DELETE,/usr/bin/given_and.png,201
impractical-gymnast.biz,2023-10-01T03:23:52+00:00,PATCH,/usr/obj/makeover.ppt,500
posh-stir-fry.biz,2024-03-27T20:51:48+00:00,PATCH,/Library/and_that.rtf,500
51.126.44.72,2023-12-01T10:13:58+00:00,PATCH,/usr/share/around_only.deploy,418
71.6.83.146,2024-01-21T05:07:02+00:00,POST,/usr/libexec/once_graceful_across.mpg,418
82.131.255.254,2023-11-11T20:25:30+00:00,DELETE,/selinux/strait_but.m2v,500
85.34.202.154,2023-11-13T21:18:57+00:00,DELETE,/home/absentmindedly_till_scramble.dmg,418
238.53.168.212,2023-08-04T16:49:40+00:00,POST,/usr/libdata/ew_plus.ppt,418
dirty-tapioca.biz,2023-11-14T21:33:56+00:00,DELETE,/Library/how.vst,201
202.160.185.36,2023-12-25T17:14:15+00:00,PATCH,/lib/alongside.csh,418
cooperative-numeracy.info,2024-04-09T03:11:29+00:00,PUT,/etc/periodic/up_merrily_rag.exe,418
68.141.252.236,2023-07-10T19:14:16+00:00,PATCH,/proc/representation.distz,400
fat-republican.net,2024-01-07T21:59:31+00:00,GET,/var/tmp/beautifully_hovercraft_bravely.epub,418
sizzling-folklore.org,2023-08-18T21:07:05+00:00,PUT,/usr/bin/yum.aac,404
46.94.132.112,2023-07-18T06:49:17+00:00,DELETE,/boot/gah_regarding.pps,500
25.19.104.253,2024-03-04T13:27:26+00:00,DELETE,/boot/ouch.mpkg,200
179.139.121.40,2023-11-12T18:51:58+00:00,DELETE,/etc/corny_adolescent.iso,400
cloudy-hello.info,2023-07-29T22:12:37+00:00,DELETE,/var/spool/whose_onto.gif,200
misguided-pneumonia.org,2023-09-23T07:59:34+00:00,POST,/var/yp/often_gee_potable.dot,500
167.87.147.28,2023-06-22T00:21:25+00:00,GET,/usr/pish.jpg,200
aware-presume.org,2023-05-07T15:01:20+00:00,DELETE,/opt/include/until.doc,204
animated-schnitzel.name,2024-04-02T01:46:35+00:00,POST,/boot/defaults/internalise_inasmuch.bz,500
legal-singing.com,2023-04-16T19:22:00+00:00,PATCH,/tmp/gripping_pillbox_once.rmi,500
91.161.34.24,2024-04-18T09:59:26+00:00,PUT,/usr/src/joyfully_tough_yahoo.mpkg,404
superb-t-shirt.name,2023-05-03T17:19:31+00:00,PUT,/lib/quickly_unscramble_characterization.lrf,500
corrupt-ceramics.net,2023-11-09T19:42:04+00:00,POST,/usr/include/whether.mp4,200
incomplete-mainstream.org,2024-04-19T10:38:29+00:00,DELETE,/etc/ppp/jam_packed_meh.wav,200
22.130.144.77,2023-05-20T15:27:12+00:00,POST,/proc/realistic.ppt,500
23.90.134.180,2024-02-24T02:19:41+00:00,POST,/private/var/provided.mp4v,204
37.177.24.82,2023-07-28T00:36:09+00:00,POST,/usr/sbin/where_regarding.aac,404
somber-hyena.biz,2024-04-26T08:59:28+00:00,PATCH,/usr/obj/contrail_gastropod_normal.war,201
insidious-postbox.org,2024-06-14T07:32:00+00:00,PATCH,/var/rusty_expansion_coordinated.jpeg,400
153.215.102.152,2023-07-18T12:24:13+00:00,PATCH,/usr/share/which_instead.xsl,418
84.39.3.248,2023-12-09T19:43:47+00:00,GET,/dev/potentially_qua_coordinated.conf,201
24.105.254.249,2024-06-29T22:43:56+00:00,PATCH,/etc/defaults/aw_yet.mar,404
neat-disk.net,2023-11-16T02:32:26+00:00,PUT,/Network/till_with_near.mpkg,502
70.175.80.33,2023-05-08T00:25:41+00:00,DELETE,/usr/local/bin/eek_ew.doc,400
32.157.184.29,2023-12-15T09:05:18+00:00,POST,/opt/lib/um_angle.3gp,404
175.226.35.172,2023-11-23T23:26:02+00:00,PUT,/bin/unwieldy.xlc,502
earnest-litter.biz,2024-03-01T05:21:26+00:00,PATCH,/usr/bin/cope_rarely.mpe,500
188.28.190.249,2023-07-30T09:42:25+00:00,GET,/proc/gently_object_unsung.tar,502
115.156.72.108,2024-03-08T13:36:24+00:00,DELETE,/usr/sbin/knowledgeably_partridge_indeed.azw,201
20.94.250.143,2024-05-24T00:58:06+00:00,PATCH,/usr/src/crowded_respray_reassemble.shtml,502
intelligent-discourse.name,2024-01-23T12:33:57+00:00,GET,/usr/local/src/plus.msi,204
waterlogged-finger.net,2024-04-13T05:04:03+00:00,PATCH,/rescue/considering_toe.xsl,200
fuzzy-plugin.info,2024-03-13T19:52:24+00:00,DELETE,/net/lazy_dredger.php,502
general-disposer.biz,2023-06-27T06:26:10+00:00,PATCH,/usr/libexec/excluding.html,500
flimsy-disposer.com,2023-09-28T09:54:57+00:00,POST,/usr/sbin/likewise_solvency_sneaky.dump,418
unruly-recommendation.com,2023-09-21T09:12:28+00:00,PUT,/usr/include/upwardly_an.jsonld,500
57.241.110.109,2024-04-04T03:39:31+00:00,POST,/usr/longingly.arc,201
imaginary-basket.net,2024-05-05T22:46:54+00:00,DELETE,/etc/periodic/fall_ugh.webp,400
bouncy-outlaw.name,2024-06-24T22:15:01+00:00,GET,/opt/include/buttery_flu.avif,400
baggy-bid.name,2024-02-02T12:31:06+00:00,DELETE,/private/thigh.tar,418
hoarse-bob.org,2023-10-30T01:12:18+00:00,GET,/sys/dwell_leading.jpg,200
219.97.165.129,2023-12-13T21:56:13+00:00,PATCH,/var/spool/recovery_hyphenation.mpg4,502
115.34.71.194,2024-02-16T02:07:08+00:00,GET,/dev/velvety_colorless_um.ttf,404
fatal-grandson.name,2023-09-07T20:23:41+00:00,GET,/usr/local/src/faithfully_unfortunate.xlt,201
exalted-fuel.com,2023-07-07T19:09:27+00:00,PUT,/usr/libexec/narrow_dearest_biodegrade.woff2,500
excited-orchid.com,2024-06-20T07:52:46+00:00,GET,/tmp/during_consequently_while.odt,418
profitable-taro.com,2023-05-18T14:31:05+00:00,DELETE,/media/disrespect_and.elc,418
crazy-quart.name,2023-10-31T16:17:35+00:00,POST,/usr/share/vaguely_atomize_unless.buffer,200
torn-sock.net,2023-07-12T14:06:21+00:00,GET,/usr/local/bin/amendment.msi,404
muffled-individual.com,2023-10-20T21:03:31+00:00,DELETE,/usr/ports/eek.jpe,502
stingy-tune-up.biz,2023-10-06T21:30:50+00:00,PUT,/mnt/converse_community_folklore.rar,204
able-diver.name,2023-12-12T20:38:59+00:00,DELETE,/sbin/vivacious_blissfully_wherever.xhtml,404
nautical-derby.net,2023-04-25T22:25:38+00:00,DELETE,/Library/huzzah.3gpp,404
creative-submitter.info,2023-07-19T07:44:29+00:00,POST,/opt/bin/down.csv,502
245.92.222.57,2023-06-21T18:33:29+00:00,GET,/System/instantly_after.3g2,502
178.255.54.21,2023-10-16T02:55:00+00:00,PUT,/sbin/duster.3gpp,418
junior-anticodon.name,2023-09-14T02:13:01+00:00,PUT,/usr/ports/so.jpg,204
194.138.70.188,2023-07-10T10:04:28+00:00,PUT,/private/mobilize.bmp,404
back-outrun.org,2023-08-29T17:50:38+00:00,PUT,/var/outlandish_meanwhile_times.aac,400
235.191.189.117,2023-10-20T13:43:37+00:00,PUT,/root/brr.mpg4,404
distorted-tuber.org,2023-12-01T10:15:52+00:00,DELETE,/private/where.m2v,404
lawful-institute.net,2023-12-18T03:56:49+00:00,DELETE,/usr/local/bin/portray_sew_whether.css,204
246.16.77.161,2024-01-10T22:31:25+00:00,POST,/usr/share/anesthetize_failing.dmg,204
spirited-grandson.biz,2023-08-15T04:28:27+00:00,DELETE,/Applications/bakeware_whether.woff2,204
13.109.116.76,2023-09-09T23:58:48+00:00,GET,/usr/libexec/snoop.dist,404
fluffy-cruelty.biz,2024-06-20T19:54:43+00:00,PUT,/usr/obj/finally.log,404
79.217.31.118,2024-05-20T00:00:17+00:00,DELETE,/home/pace_solidly.mpg,502
aware-labourer.com,2024-03-25T05:46:28+00:00,DELETE,/var/spool/clear.ogg,201
limited-travel.info,2023-04-09T05:47:24+00:00,POST,/media/woot.so,404
bogus-molasses.net,2023-04-02T19:04:37+00:00,POST,/usr/obj/however_whose.mjs,200
hopeful-freezing.name,2023-10-26T03:34:07+00:00,PATCH,/opt/pinstripe_weatherize.vsw,502
125.3.9.108,2024-01-27T16:54:23+00:00,POST,/usr/obj/fixed_deny_round.pptx,400
66.102.8.182,2024-03-20T00:10:59+00:00,DELETE,/opt/include/vague_phew_who.vss,404
drab-meadow.net,2023-04-25T23:50:12+00:00,DELETE,/sbin/seemingly.map,502
174.18.157.110,2024-04-27T02:41:49+00:00,POST,/selinux/upon_assail.vss,418
252.84.132.129,2023-09-27T10:05:24+00:00,PATCH,/Users/since_often.svg,502
81.12.243.95,2023-07-13T16:16:05+00:00,PUT,/usr/share/shout_courageously.pkg,400
crowded-tuba.name,2024-02-08T04:28:35+00:00,GET,/usr/include/bah.xsd,400
metallic-rationale.com,2023-06-16T15:21:30+00:00,DELETE,/usr/libdata/supposing_wrongly.docx,201
94.222.71.165,2024-04-25T16:16:44+00:00,PATCH,/usr/src/cross_through.xlw,200
122.231.159.10,2023-04-30T19:56:52+00:00,PATCH,/root/oof_fearless_till.img,200
faraway-taxicab.info,2023-10-28T12:16:09+00:00,DELETE,/var/log/out_overwork.dot,404
square-interviewer.name,2023-08-25T22:43:12+00:00,GET,/opt/include/if_simple.mpg4,400
gleaming-kielbasa.name,2024-05-31T23:01:31+00:00,GET,/var/timely_rarely_goodwill.jpg,418
pushy-typewriter.name,2024-02-09T16:40:02+00:00,DELETE,/mnt/submissive.midi,502
thin-sticker.com,2023-06-14T17:02:58+00:00,PUT,/etc/defaults/cauliflower_oof_or.conf,418
75.123.169.208,2023-09-07T22:41:39+00:00,POST,/usr/libdata/schedule_suddenly.docx,500
229.181.237.234,2023-08-01T14:52:57+00:00,POST,/lost+found/quadruple_lazy_though.midi,418
181.239.69.71,2023-08-23T06:57:33+00:00,GET,/opt/lib/better_bracelet_colorful.dmg,204
210.103.216.145,2023-07-30T23:24:55+00:00,DELETE,/usr/libexec/apt_for.arc,404
129.114.209.84,2023-08-15T09:35:02+00:00,DELETE,/var/tmp/generously_mechanic.xls,502
170.54.38.188,2023-10-31T14:06:37+00:00,POST,/Applications/after.arc,204
gifted-birdbath.com,2023-05-12T15:09:02+00:00,GET,/boot/defaults/yippee_another.gz,200
125.187.61.231,2023-11-06T16:58:33+00:00,POST,/proc/yowza.in,201
corrupt-digestive.org,2024-06-11T00:03:00+00:00,GET,/etc/periodic/next.midi,400
25.233.97.200,2024-03-14T16:30:20+00:00,PATCH,/var/tmp/yuck_gloomy_when.distz,200
118.43.135.52,2023-08-01T00:53:22+00:00,DELETE,/Applications/loyally_forenenst_boohoo.ics,201
firsthand-republican.biz,2023-12-19T04:29:53+00:00,GET,/usr/src/continually_awkwardly.img,502
243.237.56.209,2023-04-18T05:10:49+00:00,DELETE,/lib/poetry_roughly_against.7z,204
8.7.46.112,2023-09-04T20:16:18+00:00,DELETE,/usr/share/wing_ack_other.boz,201
blond-turret.info,2023-11-05T16:27:55+00:00,PATCH,/Library/boldly.m3a,400
170.15.143.197,2023-08-14T11:26:58+00:00,PUT,/boot/above.deploy,418
141.149.56.28,2024-04-23T20:08:12+00:00,DELETE,/sbin/likewise.csv,204
known-cellar.org,2023-04-23T06:58:20+00:00,DELETE,/var/tmp/sans_kindheartedly.msi,204
201.25.136.179,2024-06-03T15:45:10+00:00,PATCH,/lost+found/free.rmi,201
impassioned-best-seller.net,2024-03-20T15:44:14+00:00,GET,/opt/lib/gee_expansion_jump.svg,400
present-characterization.info,2023-10-09T00:33:18+00:00,DELETE,/usr/ports/humor_behind_vice.weba,502
imaginary-atrium.biz,2023-09-19T07:46:03+00:00,PATCH,/tmp/uh_huh_probe_second.jpe,200
different-devil.info,2023-07-13T04:34:41+00:00,GET,/opt/include/hoick_highly.xhtml,502
blind-saloon.org,2024-04-15T07:34:03+00:00,GET,/private/var/athwart_sometimes_bran.xul,201
131.147.112.186,2023-06-20T08:24:00+00:00,GET,/etc/ppp/folklore_eek.war,201
unaware-bidet.net,2023-04-26T15:58:37+00:00,PUT,/proc/merrily_shred.in,502
45.34.4.81,2024-04-23T22:02:34+00:00,DELETE,/usr/obj/lieu_veto.text,200
59.84.193.175,2023-12-04T06:04:44+00:00,PATCH,/dev/provided_loudly_overstay.mp3,200
209.4.236.131,2023-10-17T10:43:36+00:00,DELETE,/var/log/oh_for.doc,200
impassioned-precedent.com,2024-03-11T19:04:32+00:00,PATCH,/usr/libdata/yahoo_er_ew.svgz,502
some-recommendation.net,2023-11-27T19:10:07+00:00,PUT,/sys/so_blah_for.pptx,200
qualified-offset.name,2024-01-16T02:30:13+00:00,POST,/usr/lib/absent_tectonics.dmg,502
old-carnival.net,2023-10-17T14:59:12+00:00,PATCH,/mnt/aching_toe.elc,400
166.253.103.23,2024-06-06T10:31:50+00:00,PATCH,/usr/ports/gadzooks_pigpen.bin,404
245.16.234.181,2024-06-13T13:46:45+00:00,GET,/usr/obj/spring_jeopardise_accidentally.pps,404
powerless-account.biz,2023-10-04T13:46:47+00:00,POST,/Library/humidity_excepting.dll,500
appropriate-freight.com,2024-04-19T10:26:33+00:00,PUT,/Network/uh_huh.shtml,204
thorough-typeface.name,2023-06-29T00:32:04+00:00,DELETE,/home/user/boastfully_knottily.eot,502
fat-pacemaker.net,2024-06-06T01:56:00+00:00,POST,/opt/include/gleefully.map,400
rowdy-space.name,2024-01-07T08:25:32+00:00,POST,/selinux/monthly_taxicab.iso,500
198.59.14.99,2023-05-05T12:48:34+00:00,GET,/usr/ports/unfortunate_before.bin,204
147.248.123.65,2024-01-06T06:21:45+00:00,GET,/dev/bemuse_in_creature.mpg4,500
155.73.115.248,2024-05-28T19:22:18+00:00,DELETE,/boot/understated_now.jpeg,400
184.222.145.180,2023-10-25T12:27:02+00:00,PATCH,/opt/bin/vibration.bpk,502
159.77.88.32,2024-02-29T15:34:16+00:00,GET,/lib/bitterly.pot,500
252.254.98.51,2023-09-08T16:10:01+00:00,GET,/etc/mail/underneath_yearningly_qua.dist,201
tepid-nephew.com,2023-07-03T01:52:08+00:00,PATCH,/usr/libdata/joyously.mp3,500
196.6.173.3,2023-04-13T15:30:47+00:00,DELETE,/etc/mail/kettledrum_cannon_amid.ogx,201
230.199.82.56,2023-07-10T08:37:24+00:00,POST,/private/courageously_a.jpeg,502
plain-following.org,2023-08-15T15:26:17+00:00,POST,/etc/mail/whitewash_joyously_past.dist,418
silky-conservative.info,2023-07-06T01:14:49+00:00,POST,/opt/lib/although_formamide.dot,204
respectful-archaeology.net,2023-09-14T11:35:51+00:00,PUT,/usr/X11R6/ugh_knife.deb,404
165.143.107.11,2023-04-27T10:27:22+00:00,DELETE,/Network/motivate.mjs,502
176.182.210.223,2024-06-08T15:03:15+00:00,POST,/var/tmp/odd_minister.dump,418
rough-step-mother.info,2024-02-18T08:16:51+00:00,PATCH,/System/heavy_solemnly.mp4v,200
pastel-volleyball.name,2023-08-03T16:01:40+00:00,PATCH,/media/always.rar,201
126.118.57.121,2023-10-11T17:23:02+00:00,PUT,/mnt/so_pro.rar,418
143.196.199.5,2023-04-17T09:58:27+00:00,PUT,/etc/ppp/save_upwardly.dist,404
soupy-honesty.biz,2023-07-12T21:28:23+00:00,PATCH,/usr/local/src/off_sign_facilitate.ini,404
ample-nephew.info,2024-02-04T09:49:18+00:00,GET,/usr/libexec/ligate_sermon.pkg,200
unwritten-schnitzel.net,2023-05-02T00:50:21+00:00,PUT,/System/midst_between_geez.mpe,418
direct-annual.name,2023-10-26T08:01:05+00:00,PATCH,/var/tmp/cheerfully.vsw,500
243.221.158.54,2023-04-26T02:55:14+00:00,PUT,/home/user/geez_whose_oh.aac,502
15.243.19.192,2024-02-02T20:58:22+00:00,GET,/System/boring_deceivingly_traffic.distz,418
unwilling-summer.biz,2024-01-18T23:30:46+00:00,PUT,/private/tmp/woefully.dms,500
77.220.135.207,2023-08-18T08:12:52+00:00,DELETE,/private/var/ouch_haircut.def,500
112.20.243.32,2023-09-23T14:15:46+00:00,POST,/mnt/greatly_pish_surprisingly.mpg4,404
174.217.176.51,2023-12-01T09:18:30+00:00,POST,/usr/ports/cannibalise_confide.ogg,400
pleasant-schedule.net,2024-06-06T10:32:34+00:00,PUT,/Library/without_gah.bz,200
160.95.222.198,2023-04-25T15:05:00+00:00,PATCH,/private/meatloaf_footrest_factorize.txt,418
critical-whack.org,2023-04-01T05:08:54+00:00,POST,/var/aside.kar,200
bulky-embossing.net,2023-04-29T08:38:38+00:00,DELETE,/var/tmp/remark.arc,500
98.50.140.118,2023-08-07T19:25:03+00:00,PATCH,/var/spool/times.htm,204
137.183.241.237,2024-07-01T07:21:04+00:00,POST,/rescue/athwart.xlsx,502
227.160.144.139,2023-06-28T20:25:07+00:00,PATCH,/boot/defaults/for_yahoo_pace.xul,500
worthless-devil.name,2023-04-09T08:27:42+00:00,POST,/opt/lib/juggernaut_which_substitution.boz,201
mediocre-louse.com,2023-07-13T10:49:08+00:00,PUT,/home/user/indeed.vsd,200
132.49.38.55,2024-05-29T10:35:20+00:00,GET,/usr/sbin/out_outside.odp,400
unsightly-step-mother.net,2023-04-11T15:45:55+00:00,PATCH,/opt/share/mountain.rmi,400
92.106.125.117,2023-10-13T23:40:20+00:00,DELETE,/var/tmp/gah_mousse.vss,200
firm-vibration.biz,2023-12-01T18:36:37+00:00,DELETE,/mnt/continually_phew.msm,418
lean-sand.info,2023-06-20T06:22:46+00:00,DELETE,/home/user/dir/lovely_until_pfft.gif,502
171.69.149.177,2024-01-17T00:36:25+00:00,PATCH,/usr/libdata/square_miserably.dist,502
175.30.94.104,2023-05-15T17:41:00+00:00,POST,/tmp/knottily_digit.m3a,204
132.239.120.237,2023-07-05T15:37:30+00:00,PUT,/usr/libexec/honestly_amongst_opposite.docx,200
9.92.233.1,2024-04-22T22:02:12+00:00,DELETE,/Network/why_regularly_neatly.bz,418
240.196.248.80,2023-06-20T18:21:38+00:00,POST,/usr/include/fooey_gadzooks_siege.zip,400
flawed-retention.biz,2024-04-25T15:04:11+00:00,POST,/opt/share/yowza.json,404
sneaky-countess.com,2023-10-31T00:20:24+00:00,DELETE,/home/user/dir/wrongly_incidentally.map,418
monumental-opera.biz,2023-08-04T03:31:45+00:00,DELETE,/lost+found/why_obediently.xml,200
antique-backburn.com,2023-05-14T13:00:37+00:00,PATCH,/var/yp/brr_huzzah.dms,204
92.214.104.59,2023-07-27T19:49:18+00:00,PUT,/var/spool/unlined.mp2,500
reckless-tune-up.name,2023-12-05T08:43:21+00:00,DELETE,/Library/closely_well_made.mp4v,200
55.165.18.190,2024-03-19T04:39:55+00:00,PATCH,/var/log/aw_greatly_pfft.7z,200
haunting-mousse.name,2024-04-24T08:27:33+00:00,PATCH,/proc/ha_oddly.mjs,400
grim-tuber.org,2024-02-05T01:29:34+00:00,DELETE,/usr/sbin/noon_authentic_boo.bz2,400
174.220.20.106,2023-05-21T02:06:59+00:00,PATCH,/boot/ugh_since_because.exe,204
10.117.169.231,2024-03-22T22:55:20+00:00,PUT,/opt/lib/like_courageously_mortar.lrf,418
impeccable-muscat.org,2023-06-06T17:50:06+00:00,PATCH,/lib/bonnet.avif,404
negative-veto.biz,2024-03-23T17:47:23+00:00,POST,/etc/mail/guidance_reproach.map,204
perfumed-statue.com,2023-04-13T00:21:11+00:00,POST,/rescue/now_however_self_reliant.vst,500
26.118.75.225,2024-03-07T02:47:12+00:00,PATCH,/home/user/drat_godfather_bleach.docx,200
elliptical-complication.com,2023-05-24T11:44:54+00:00,PATCH,/opt/include/vivaciously_gah_slide.3gpp,200
66.191.176.201,2024-01-08T06:00:07+00:00,POST,/usr/include/furthermore_seafood_desk.mpga,404
quarterly-wafer.com,2024-01-05T11:26:44+00:00,DELETE,/root/hello_who.zip,500
political-fax.biz,2023-11-04T16:32:50+00:00,PATCH,/var/spool/anti.xml,502
subdued-bump.net,2023-08-19T19:31:45+00:00,PUT,/System/frenetically_terrorise.img,400
17.26.170.56,2024-02-17T21:59:20+00:00,POST,/bin/very.ods,400
uncomfortable-slide.biz,2023-12-03T21:17:10+00:00,POST,/var/naturally_accurate_toothbrush.csh,404
248.176.65.39,2024-03-22T19:17:02+00:00,PATCH,/etc/during_than.xlm,204
cruel-brace.biz,2023-11-13T15:25:07+00:00,PATCH,/usr/phooey.img,200
170.65.144.146,2024-04-05T02:15:20+00:00,PATCH,/usr/local/bin/minor.rar,404
218.177.54.227,2024-06-21T15:38:32+00:00,DELETE,/private/var/anxiously.7z,502
29.105.19.160,2023-07-06T04:26:43+00:00,GET,/usr/include/sheepishly_alive_pine.list,200
clear-hammock.com,2024-01-17T23:10:16+00:00,GET,/usr/local/src/enthusiastically.ini,418
burly-digestive.name,2023-05-23T15:35:06+00:00,DELETE,/var/log/mask.bz2,404
51.62.113.177,2023-08-20T15:35:37+00:00,PATCH,/home/joyous_violently.msi,500
biodegradable-bracelet.name,2023-07-12T01:25:21+00:00,GET,/usr/X11R6/labourer_pish.ods,418
96.211.147.25,2024-05-24T18:28:59+00:00,GET,/sys/boo_from.ppt,500
intent-palate.com,2023-09-25T00:36:28+00:00,PUT,/usr/src/to.ogx,404
210.96.250.65,2023-04-14T16:08:40+00:00,PATCH,/Users/so_upon.vsw,201
28.46.214.156,2023-12-10T03:51:42+00:00,DELETE,/usr/bin/for_denitrify.shtml,418
that-hammock.net,2023-12-23T06:09:31+00:00,PATCH,/proc/hmph.csh,500
dreary-swordfish.biz,2024-06-25T22:23:51+00:00,PUT,/usr/ports/tensely.woff2,418
unfortunate-tuba.org,2024-04-11T05:38:00+00:00,POST,/usr/X11R6/replicate_hoof_optimistically.log,418
227.186.142.252,2023-04-19T00:42:57+00:00,PUT,/proc/excepting_after.ts,200
defensive-innovation.info,2023-12-12T22:58:38+00:00,PATCH,/opt/lib/excluding.xul,404
inborn-deed.info,2023-06-20T20:38:11+00:00,PUT,/etc/namedb/or.tif,200
cuddly-cosset.name,2024-03-01T17:51:32+00:00,PUT,/usr/share/lender_since_modulo.bin,404
only-pinstripe.biz,2023-12-31T19:08:27+00:00,GET,/usr/ports/disadvantage_short_pale.json,404
recent-bookend.com,2024-04-09T12:38:56+00:00,PUT,/usr/local/src/though_chow.3gpp,404
measly-maestro.org,2024-02-12T08:53:57+00:00,GET,/private/var/pleasure.pot,200
23.212.192.221,2024-02-12T13:41:32+00:00,DELETE,/Network/excitedly.map,500
162.199.57.255,2023-12-13T11:33:15+00:00,DELETE,/usr/lib/deadly_truly_toward.ear,500
178.156.172.53,2023-05-20T15:06:42+00:00,GET,/mnt/if.vsw,404
early-flu.name,2024-02-21T16:04:12+00:00,PATCH,/usr/libdata/boo_contrail.ifb,502
45.42.33.38,2024-02-12T19:08:48+00:00,POST,/usr/local/bin/thoughtfully_which_why.jpg,204
87.240.120.25,2023-10-23T00:55:09+00:00,DELETE,/etc/why_of.bz2,200
sugary-kiss.net,2024-04-28T12:31:59+00:00,DELETE,/var/spool/lender.opus,400
intelligent-igloo.com,2024-02-05T12:39:13+00:00,PATCH,/private/var/though.html,418
79.26.221.210,2024-02-28T07:01:40+00:00,PATCH,/srv/reproachfully_inasmuch_clear.xlm,201
139.196.176.3,2023-10-23T19:47:16+00:00,PATCH,/usr/share/brr_zowie.woff2,200
spiteful-junior.net,2024-06-28T06:46:18+00:00,GET,/sbin/jive_simple.xsl,500
colorful-palate.net,2023-09-02T15:45:56+00:00,GET,/Users/yahoo.mpe,400
shameful-gazebo.info,2023-10-10T03:05:28+00:00,PUT,/boot/shadowy_er.mp2a,404
39.25.126.168,2024-06-19T13:12:27+00:00,PUT,/opt/lib/viciously_any.dms,201
puzzled-legend.biz,2024-06-19T03:10:52+00:00,PATCH,/usr/libexec/intermix_outsource.webm,204
gummy-sunbeam.info,2023-07-18T12:29:02+00:00,PATCH,/Applications/pessimistic_yeast.bz2,204
friendly-confusion.com,2023-07-20T13:15:18+00:00,GET,/private/how_beep.tar,200
125.224.221.238,2023-06-16T10:31:31+00:00,DELETE,/bin/as_per_hexagon.mpkg,502
sparse-casket.org,2023-05-29T10:26:46+00:00,PUT,/usr/responsible.3gp,404
rotten-sauerkraut.biz,2024-03-07T17:28:00+00:00,PATCH,/lost+found/er_midst.bpk,502
88.159.25.239,2023-04-11T07:41:53+00:00,DELETE,/net/that.zip,200
60.126.87.235,2023-05-13T11:53:09+00:00,PUT,/root/forsaken_oxidize_team.pot,500
239.84.173.127,2023-08-22T21:07:34+00:00,PUT,/System/orange.dot,201
2.7.4.195,2024-01-29T03:20:02+00:00,PUT,/boot/defaults/including_disrespect_phony.woff,400
exotic-overcoat.com,2023-09-18T18:09:46+00:00,GET,/srv/once.m2a,404
103.101.94.83,2023-10-08T19:44:26+00:00,PUT,/Applications/rise_pfft.webp,404
dim-cemetery.com,2024-03-15T07:06:18+00:00,PATCH,/usr/local/bin/true.vst,201
fluffy-underpants.biz,2023-07-05T01:44:47+00:00,PUT,/dev/from_drat_yahoo.shtml,404
black-council.net,2024-03-31T20:29:50+00:00,POST,/etc/ppp/cram_seldom.img,201
posh-nectarine.net,2023-07-03T07:20:26+00:00,PATCH,/root/boldly_incidentally.svg,500
44.240.13.140,2024-01-20T06:34:12+00:00,GET,/opt/sbin/outrank.gif,400
63.71.73.133,2023-06-19T01:05:41+00:00,DELETE,/bin/acidic_fledgling.msp,500
86.100.239.159,2023-11-18T05:23:20+00:00,POST,/opt/include/customise.shtml,400
179.238.46.178,2024-02-27T22:41:06+00:00,DELETE,/opt/include/ouch_boohoo.jpg,201
8.10.82.174,2023-12-21T10:00:30+00:00,PUT,/usr/libexec/netsuke_interchange.rmi,502
155.79.157.222,2024-01-18T20:37:41+00:00,POST,/opt/share/yahoo.bz2,400
129.131.63.106,2023-06-25T13:32:36+00:00,PATCH,/opt/sbin/row_tenderly.rar,418
120.231.36.93,2023-03-28T15:30:46+00:00,PATCH,/usr/libdata/round_thin.ogv,404
complicated-surface.net,2023-05-27T13:39:47+00:00,PATCH,/var/log/profitable_brr_qua.arc,201
25.22.230.230,2023-09-26T20:13:37+00:00,GET,/rescue/dazzling_meanwhile.dump,500
117.201.234.24,2024-01-18T16:33:18+00:00,DELETE,/usr/wee_however.html,200
11.6.123.114,2023-12-16T17:05:29+00:00,PUT,/etc/ppp/courtroom_furthermore_the.tar,500
upset-hyena.net,2023-11-14T19:57:44+00:00,GET,/usr/ports/monster_seal.aac,404
216.40.30.225,2023-06-15T22:56:37+00:00,POST,/System/volunteer.xul,404
188.106.169.239,2024-05-20T10:48:10+00:00,GET,/bin/safely_yearningly.spx,404
68.41.104.21,2024-04-09T04:45:33+00:00,DELETE,/usr/local/bin/mobilise_geez_meh.bpk,200
happy-go-lucky-casket.name,2023-04-11T03:41:55+00:00,PUT,/var/yp/a_institutionalize.img,400
2.231.163.226,2023-05-26T19:07:26+00:00,POST,/home/user/dir/whether_insidious_drat.epub,502
192.219.107.127,2024-02-15T15:37:30+00:00,PUT,/tmp/incomparable_vivaciously.dms,500
unused-cope.biz,2023-06-07T12:03:35+00:00,PATCH,/usr/bin/heating.m2a,500
rotten-toothpick.com,2023-12-05T15:50:03+00:00,PATCH,/var/yp/opposite.distz,418
194.255.181.243,2023-10-01T16:11:51+00:00,PATCH,/usr/local/bin/angrily_wire_if.azw,418
248.233.238.167,2023-10-21T10:21:24+00:00,POST,/media/dead.xhtml,204
concrete-cope.org,2023-07-16T07:26:13+00:00,PATCH,/etc/fog_until.vst,201
1.175.20.196,2023-12-08T16:17:15+00:00,GET,/tmp/kindheartedly_debit.ogg,204
monstrous-celsius.com,2024-05-04T20:28:20+00:00,PATCH,/Users/swat.rar,201
186.17.161.39,2023-10-24T08:42:20+00:00,PUT,/boot/defaults/come_blah.woff2,418
223.184.144.77,2024-05-25T00:24:49+00:00,DELETE,/root/afterwards_outside.3gp,404
selfish-fax.com,2024-06-27T16:07:36+00:00,PUT,/mnt/gosh_phew.jsonld,200
15.154.247.20,2024-05-17T10:46:59+00:00,PATCH,/net/accompanist_pinstripe.xla,200
ordinary-doorpost.net,2023-07-25T06:24:53+00:00,PUT,/lost+found/transom_barring_contravene.gif,502
french-redesign.name,2024-05-27T03:06:04+00:00,DELETE,/var/mail/via.xsl,200
138.16.212.126,2023-06-21T07:57:04+00:00,PUT,/usr/ports/symbolise_incidentally_pace.css,404
65.29.220.177,2023-09-29T19:26:03+00:00,POST,/home/user/incline_speedily.pps,400
frilly-outlaw.org,2024-05-29T03:37:07+00:00,PATCH,/usr/src/sell.xhtml,201
234.47.175.185,2023-06-18T01:38:03+00:00,PUT,/usr/src/frantically.dot,204
apt-abacus.biz,2023-06-12T06:49:43+00:00,GET,/opt/bin/times.pptx,200
zany-minion.info,2023-04-02T00:25:06+00:00,PATCH,/Network/cop_out_nor.pot,200
charming-sermon.info,2023-10-15T08:23:35+00:00,DELETE,/etc/mail/qualified_quintuple.xlw,418
fragrant-grandpa.com,2023-06-12T09:30:02+00:00,DELETE,/usr/share/hungrily_though.text,201
naughty-operating.com,2023-09-01T00:04:00+00:00,PUT,/home/eek_down_vein.map,418
informal-summary.name,2023-05-15T10:54:51+00:00,GET,/System/er_chunter_electronics.zip,500
ornery-stitcher.org,2024-01-03T19:55:35+00:00,GET,/sys/rightfully_expert_these.css,502
direct-pronoun.org,2024-05-31T14:59:36+00:00,PATCH,/mnt/determined.mp4v,500
courteous-quit.net,2023-12-11T09:13:33+00:00,PUT,/usr/local/bin/ajar_readmit_grandiose.mid,500
183.96.132.63,2024-01-01T20:18:29+00:00,PATCH,/private/hunt_lovingly_beside.tif,502
fine-roundabout.net,2023-08-24T20:13:47+00:00,DELETE,/usr/local/bin/besmirch.bmp,400
228.221.8.182,2024-04-30T00:31:06+00:00,PATCH,/home/annually.xlsx,400
vivid-monocle.org,2024-05-15T22:19:08+00:00,GET,/usr/src/enchanting_before.mpg4,418
65.160.67.34,2023-03-31T12:07:10+00:00,PUT,/bin/wombat_through_libel.webp,204
218.170.21.222,2023-04-02T08:52:58+00:00,DELETE,/usr/src/under.dmg,418
naughty-ad.org,2024-05-09T17:29:34+00:00,GET,/media/solicit.mpga,200
cheerful-plugin.info,2023-07-20T00:35:49+00:00,PUT,/var/spool/gee_unbearably.shtml,204
wide-lift.info,2024-01-23T19:00:45+00:00,PATCH,/sbin/meh_harangue.shtml,502
ornate-extension.net,2024-04-02T22:22:48+00:00,DELETE,/etc/namedb/repentant_um_haunting.7z,418
soft-appliance.net,2024-02-05T22:58:03+00:00,DELETE,/usr/local/bin/ugh_cripple_over.def,502
182.147.177.38,2023-08-17T02:19:55+00:00,GET,/usr/share/qualified_hydrolyze.mpkg,204
52.17.202.56,2024-02-20T16:44:35+00:00,PATCH,/sbin/how.deploy,500
honored-trolley.name,2024-04-02T02:15:21+00:00,PUT,/private/tmp/cow_during_swear.ini,500
10.244.252.200,2023-11-29T21:29:30+00:00,POST,/usr/local/src/into_boohoo_swathe.xla,500
167.154.165.145,2023-11-21T14:36:49+00:00,POST,/lost+found/hollow_unless.eot,418
210.7.129.242,2023-12-20T03:07:46+00:00,DELETE,/opt/good_exalted.jpg,500
crooked-igloo.com,2024-05-24T07:38:49+00:00,PATCH,/usr/libexec/quarterly_however_cook.deb,204
instructive-adrenalin.net,2023-04-16T01:37:02+00:00,PATCH,/etc/defaults/hawk.ts,418
201.226.20.170,2024-01-14T13:11:40+00:00,DELETE,/opt/sbin/crumble_pfft_punctually.in,418
55.42.149.2,2023-06-29T16:09:55+00:00,POST,/var/spool/provided.war,500
cumbersome-bowler.net,2023-08-25T01:29:02+00:00,PUT,/private/var/quietly_once.ifb,502
radiant-drive.org,2023-07-12T22:35:35+00:00,POST,/usr/libexec/knotty_meanwhile.def,404
cuddly-angle.com,2023-11-16T05:41:46+00:00,DELETE,/home/user/whose_flowery_ponder.jpe,404
parched-husband.info,2023-06-14T00:29:37+00:00,PATCH,/home/whether_before.text,418
126.215.114.173,2023-08-08T22:56:06+00:00,PATCH,/usr/sbin/battle_pale_demonstrate.dot,418
36.156.223.155,2023-11-09T11:31:01+00:00,PUT,/usr/bin/unto.pptx,201
unused-lashes.com,2024-07-02T21:25:32+00:00,PATCH,/home/user/dir/account.3g2,418
30.152.186.211,2023-12-04T08:59:33+00:00,PUT,/etc/ppp/traditionalism.m2a,400
156.151.79.232,2023-11-24T09:41:56+00:00,DELETE,/media/croon_limited.xla,418
marvelous-deployment.biz,2024-01-07T11:47:10+00:00,DELETE,/selinux/ouch_obligation.rmi,404
stable-filter.biz,2024-06-10T00:00:35+00:00,PUT,/var/spool/an.tif,500
228.209.91.203,2024-03-30T12:02:15+00:00,POST,/Applications/yum_by_uncork.xla,400
241.171.166.183,2023-10-05T05:54:46+00:00,GET,/etc/inquisitively.arc,418
162.91.58.189,2023-12-20T17:15:15+00:00,DELETE,/etc/defaults/decriminalize.exe,200
dual-elver.biz,2024-04-14T06:25:00+00:00,DELETE,/etc/gee_accompany_quirkily.html,500
170.156.63.231,2024-05-28T06:55:44+00:00,DELETE,/private/sophisticated_drat_chip.jar,204
123.120.220.155,2023-08-05T00:52:55+00:00,PATCH,/opt/lib/indeed.3gp,502
231.195.219.134,2023-08-02T18:42:32+00:00,POST,/tmp/given.abw,204
39.30.105.156,2023-06-24T19:54:28+00:00,PATCH,/home/user/dir/briskly_pomelo.xlc,404
210.77.174.163,2023-05-28T09:15:30+00:00,PATCH,/usr/poor_where_amongst.jpeg,502
crushing-steak.name,2023-11-27T03:03:55+00:00,GET,/etc/defaults/eek_circa.arc,204
22.190.8.167,2023-07-12T05:58:06+00:00,PATCH,/etc/ppp/brr_sympathetically_once.mpkg,204
201.182.58.178,2023-05-28T15:21:39+00:00,POST,/home/user/pish_memorable_memorable.bmp,204
negative-cap.biz,2024-04-08T00:27:15+00:00,GET,/tmp/toward_helpful.csh,404
vague-hello.info,2024-02-05T04:17:13+00:00,GET,/mnt/aw_whether.xls,502
electric-paintwork.name,2024-04-25T11:40:37+00:00,PUT,/Library/that_so.pptx,201
73.247.232.41,2024-06-12T19:29:09+00:00,PATCH,/selinux/vice_tut.7z,400
11.197.146.35,2024-03-28T21:26:19+00:00,GET,/media/tightly_gosh.jsonld,418
messy-footrest.biz,2023-11-29T09:07:57+00:00,PUT,/Library/energetically_oh_observe.kar,201
complete-swath.biz,2023-07-14T01:18:30+00:00,GET,/Library/save_accessorise_minor.msi,204
defensive-wilderness.org,2024-03-12T15:17:23+00:00,PUT,/private/elegantly_dearest_yum.rmi,500
delirious-nightlife.com,2024-06-10T20:10:32+00:00,DELETE,/usr/libexec/duh_um.arc,500
172.225.125.166,2023-04-24T13:00:19+00:00,POST,/tmp/detain_that_beneath.rar,204
deserted-conservative.biz,2023-08-29T13:00:33+00:00,PATCH,/opt/share/jaggedly_when.csh,201
198.252.176.165,2023-04-22T20:09:34+00:00,PATCH,/usr/local/src/although_anticodon_absolve.spx,404
235.235.220.91,2024-03-11T00:32:25+00:00,GET,/usr/obj/negotiation.m3a,200
fond-e-mail.name,2024-04-13T15:08:04+00:00,GET,/sbin/diligently_drab.otf,502
witty-republican.org,2023-05-08T01:42:09+00:00,PATCH,/usr/birdcage_or.mpg,200
antique-sonata.net,2023-06-27T18:24:22+00:00,PUT,/var/mail/towards_bathrobe.ogx,404
227.179.43.27,2024-04-22T07:56:42+00:00,PATCH,/etc/defaults/unused.msp,200
sentimental-smog.net,2023-06-02T22:39:30+00:00,POST,/etc/periodic/indeed_throughout_since.png,404
166.28.41.122,2023-05-27T07:44:55+00:00,PATCH,/bin/yet_brown.html,200
217.208.29.161,2024-03-15T16:36:54+00:00,PATCH,/var/insist_anenst_nervously.m2v,200
wry-adrenalin.name,2024-01-30T03:03:51+00:00,GET,/var/mmm_deliquesce_saturate.bin,500
252.70.79.46,2024-05-13T01:53:37+00:00,GET,/System/writhing_beyond_zowie.otf,418
24.121.148.119,2024-02-07T01:36:27+00:00,GET,/var/yp/where_times.msm,204
courteous-captain.com,2023-06-07T16:46:25+00:00,DELETE,/lost+found/although.img,404
sore-armoire.org,2024-01-17T10:48:29+00:00,DELETE,/var/mail/deform_fall.sh,502
111.35.243.232,2023-12-27T13:55:04+00:00,PATCH,/Library/so.weba,404
bright-suspension.name,2023-05-29T07:48:19+00:00,POST,/proc/fooey_calmly_needily.xls,204
strict-creature.net,2023-12-14T00:32:27+00:00,POST,/Users/anti_from.map,500
hoarse-mixture.biz,2023-12-12T22:26:59+00:00,PATCH,/rescue/till_tame_even.png,201
faraway-hygienic.net,2024-01-10T14:32:35+00:00,PATCH,/bin/playfully_sizzle_phooey.bz,200
lovable-eyeliner.org,2024-02-14T19:17:18+00:00,DELETE,/Network/precious_low.txt,400
wicked-blight.name,2024-06-07T16:25:17+00:00,POST,/opt/who.svgz,502
195.126.58.191,2023-11-04T11:58:37+00:00,GET,/home/regarding_often_slather.xlm,201
170.178.137.124,2023-06-04T04:27:53+00:00,PATCH,/rescue/till_up_overheard.ods,400
218.97.241.147,2024-05-21T09:59:12+00:00,GET,/usr/local/src/instructive.xlsx,201
232.111.201.175,2023-09-15T21:56:52+00:00,POST,/var/tmp/lightly_achieve.ifb,418
132.247.38.28,2024-01-11T03:22:54+00:00,DELETE,/Library/galoshes.mpg,500
spherical-summary.name,2024-01-16T01:24:45+00:00,PATCH,/usr/lib/menacing.svgz,500
untrue-hoof.org,2024-05-04T09:15:45+00:00,POST,/tmp/for_brr_vacation.vsd,404
43.171.144.63,2024-03-17T15:20:17+00:00,PATCH,/usr/local/src/equally.html,200
121.136.70.16,2023-04-03T21:51:50+00:00,DELETE,/etc/defaults/mockingly_easily.arc,404
annual-pantyhose.info,2023-06-08T12:00:30+00:00,PATCH,/boot/defaults/primary.midi,418
95.98.198.68,2023-04-15T04:41:53+00:00,POST,/root/describe.msm,204
166.224.23.110,2023-10-29T14:50:35+00:00,DELETE,/dev/hm_drat.3g2,400
elegant-joy.org,2024-02-21T13:27:15+00:00,GET,/private/tmp/lucky_woot.rmi,400
55.216.93.135,2023-11-17T04:42:30+00:00,PATCH,/var/clean_mould.so,500
lone-edge.name,2023-11-04T06:38:08+00:00,POST,/var/spool/yum.dump,204
content-advertisement.com,2024-05-13T02:26:56+00:00,GET,/boot/instead_schlep_squiggly.mp2,502
outstanding-individual.info,2023-11-03T21:58:50+00:00,GET,/home/user/dir/heroine_busy.bz2,400
stormy-integer.com,2023-05-13T00:51:02+00:00,POST,/usr/ports/other.bin,400
96.26.3.8,2024-01-20T03:00:51+00:00,DELETE,/usr/ports/ack.xhtml,400
179.235.118.70,2023-12-15T03:05:44+00:00,PUT,/usr/share/unlucky_beautifully.m1v,204
131.217.19.90,2024-02-28T12:33:17+00:00,GET,/var/yp/ew_bog_bliss.avi,400
132.97.147.191,2024-04-20T23:20:03+00:00,GET,/opt/lib/shout_recount_ouch.xul,200
bony-mouser.name,2023-12-17T20:45:38+00:00,PUT,/tmp/annually_confide.rmi,200
zealous-volleyball.info,2023-04-12T07:07:03+00:00,DELETE,/home/user/dir/oof_finally_cantaloupe.xlm,500
196.59.110.87,2023-07-30T06:40:22+00:00,PUT,/lost+found/considering_inside.xht,502
24.202.146.171,2023-07-10T09:43:43+00:00,POST,/usr/include/fooey.oga,404
lavish-dividend.name,2023-06-06T16:53:28+00:00,DELETE,/rescue/likewise_among_slowly.mar,400
228.17.235.164,2023-05-20T16:39:12+00:00,GET,/private/var/certainly.mp4v,502
227.203.154.198,2023-06-19T21:15:23+00:00,POST,/Network/anti.msp,204
squeaky-gray.net,2023-11-07T16:25:58+00:00,POST,/usr/include/pantyhose_archive.xlc,404
96.26.80.205,2024-05-05T12:09:00+00:00,PUT,/usr/ports/while.xsd,200
webbed-fort.com,2024-02-15T00:14:48+00:00,POST,/usr/sbin/until_drat.mid,201
ecstatic-feather.biz,2023-07-29T06:42:38+00:00,PUT,/var/how_vainly_upbeat.iso,200
informal-scrap.net,2023-10-29T13:42:19+00:00,GET,/usr/sbin/when_drat.list,500
144.84.141.147,2023-05-24T00:54:56+00:00,PATCH,/media/phew.pptx,418
65.158.128.140,2023-10-31T20:57:25+00:00,POST,/usr/local/bin/dead.mpkg,502
216.173.221.113,2023-07-21T06:50:46+00:00,DELETE,/etc/periodic/atop_emergent_er.eot,500
petty-napkin.org,2024-06-07T05:03:01+00:00,PUT,/usr/abaft_granular_hubris.map,418
puny-hygienic.info,2023-05-30T07:16:40+00:00,PUT,/sys/wrong_given_explode.ts,500
magnificent-individual.info,2024-06-20T15:19:04+00:00,PATCH,/Applications/adult_next_gadzooks.abw,204
96.53.143.219,2023-04-13T22:00:53+00:00,PATCH,/root/solidly_intermix_duh.buffer,500
69.48.236.39,2023-08-13T10:01:05+00:00,POST,/etc/table_twist.distz,418
wrathful-honesty.net,2023-08-20T04:52:54+00:00,PUT,/boot/circa_overcoat.mar,418
critical-hydrant.biz,2023-04-11T22:04:33+00:00,POST,/usr/share/depart_despite_shoulder.docx,404
80.242.248.74,2023-09-30T01:01:29+00:00,PUT,/usr/ports/ouch.midi,400
226.72.253.110,2024-01-01T08:28:15+00:00,DELETE,/private/tmp/whopping.tar,200
3.16.87.244,2023-11-30T11:36:20+00:00,POST,/selinux/what_papa.woff2,200
rewarding-redesign.org,2024-03-31T08:51:54+00:00,DELETE,/usr/libexec/orchid_swiftly.deb,400
175.8.72.79,2024-04-25T18:48:57+00:00,PATCH,/opt/share/bashfully_overreact_oh.weba,418
213.110.58.78,2023-07-21T12:14:10+00:00,PUT,/mnt/especially.epub,418
49.58.139.85,2023-05-15T21:27:35+00:00,POST,/usr/obj/what_freight.webm,200
severe-hamburger.biz,2023-12-06T16:56:36+00:00,POST,/var/yp/easily_forenenst_although.dmg,204
apprehensive-compromise.org,2023-08-23T11:41:29+00:00,PATCH,/usr/X11R6/zowie_shark_yowza.mpga,404
bitter-parsnip.biz,2023-06-05T03:19:59+00:00,PATCH,/etc/ppp/wherever_midst.rng,400
spherical-backburn.net,2023-04-19T13:42:23+00:00,PUT,/etc/periodic/anti_because_frantically.war,500
3.193.186.152,2023-12-26T18:10:15+00:00,POST,/etc/namedb/refer_although_at.xlt,404
wise-armoire.net,2024-05-01T11:19:43+00:00,GET,/mnt/finding_that_expostulate.html,201
putrid-cruelty.name,2023-09-18T23:24:23+00:00,POST,/var/futon_although.mpg4,404
141.251.27.37,2023-08-22T17:39:21+00:00,PATCH,/etc/ppp/membership.pdf,418
insidious-experience.biz,2024-05-28T06:07:03+00:00,PUT,/etc/mail/after_jaggedly.xsd,418
genuine-slime.net,2024-03-03T09:33:01+00:00,PUT,/srv/meanwhile_finally_phew.xlm,201
snarling-cardboard.net,2023-12-15T11:09:33+00:00,PUT,/usr/include/boo.bpk,418
119.206.212.59,2023-07-20T14:25:42+00:00,DELETE,/proc/forenenst.ear,204
34.125.187.207,2023-07-09T20:32:09+00:00,POST,/lost+found/although.jpe,500
negative-steeple.org,2023-09-03T21:19:49+00:00,POST,/opt/lib/ouch_t_shirt.json,200
enchanting-napkin.org,2024-01-09T20:56:36+00:00,GET,/sbin/heartache.jpg,204
insignificant-gown.biz,2024-02-07T00:10:39+00:00,PATCH,/bin/cow.jpe,500
28.184.103.186,2024-03-04T18:58:50+00:00,PUT,/bin/vicinity_ferociously.php,200
223.228.209.156,2024-06-01T02:07:06+00:00,GET,/sbin/drat_brr_gloss.ods,502
humble-tomography.info,2024-01-18T22:39:04+00:00,GET,/usr/X11R6/despite_harangue_gosh.mpga,404
187.66.81.74,2023-12-17T13:57:23+00:00,PATCH,/Network/blah.conf,201
2.71.160.187,2024-03-28T02:09:08+00:00,POST,/opt/sbin/tank_glisten.vsw,404
89.234.8.54,2023-06-11T02:18:42+00:00,PATCH,/var/mail/reach_unbalance.3g2,500
serpentine-premier.biz,2024-05-22T02:20:18+00:00,PUT,/home/underneath.jsonld,200
prickly-skean.com,2023-09-29T22:26:32+00:00,PUT,/var/log/allegation_linseed_warming.text,204
boring-parsnip.name,2023-03-31T00:58:44+00:00,GET,/Network/gut_polite.3gpp,502
forceful-plain.com,2023-05-25T07:56:32+00:00,PATCH,/usr/libdata/massage.map,502
unusual-wedding.org,2024-04-18T18:19:26+00:00,PATCH,/media/naturally.js,500
214.174.101.94,2023-09-10T22:48:09+00:00,PATCH,/etc/ppp/apropos_boohoo_as.svg,404
150.10.40.113,2023-06-26T13:30:04+00:00,GET,/usr/sbin/woeful_detective_phooey.xla,201
married-hose.org,2023-10-04T21:52:58+00:00,POST,/etc/mail/ignorance_gape_adaptation.xlt,204
100.11.213.78,2023-10-31T12:47:17+00:00,DELETE,/usr/ports/promise.php,500
impassioned-trolley.biz,2024-02-23T20:51:07+00:00,PUT,/boot/overcoat_where.jar,418
197.167.66.46,2023-04-13T06:29:31+00:00,DELETE,/etc/mail/circa_bah_fencing.webp,200
nice-majority.com,2023-11-03T08:02:32+00:00,GET,/usr/local/bin/joyful_awful.ods,200
69.242.89.201,2023-10-17T16:02:20+00:00,GET,/home/gosh_keenly.distz,204
248.121.2.38,2023-07-14T11:00:27+00:00,GET,/usr/sbin/economise_eulogise.abw,500
informal-individual.info,2023-04-09T13:10:35+00:00,PUT,/usr/sbin/um_what_hourly.woff2,204
dependable-stay.name,2024-04-07T18:28:46+00:00,PUT,/media/final_dispose_er.ttf,500
ill-laughter.name,2024-06-02T00:50:45+00:00,GET,/opt/whoa.shtml,200
frizzy-allegation.info,2023-11-10T05:33:39+00:00,PUT,/opt/sbin/phooey.msi,500
small-granny.org,2024-05-16T22:10:16+00:00,PUT,/root/stiffen.dms,500
138.135.22.106,2024-05-21T13:15:40+00:00,PATCH,/System/taut_nutritious.conf,418
ripe-slide.biz,2024-01-03T02:10:28+00:00,PATCH,/usr/local/bin/or.css,500
33.5.54.32,2024-06-11T04:32:34+00:00,PUT,/opt/sbin/old_fashioned.xlsx,418
fair-digestive.biz,2023-05-14T18:56:26+00:00,POST,/System/blacken_scenario.bz2,400
rosy-tuba.info,2024-05-01T05:49:56+00:00,PATCH,/Library/nearly.css,204
close-junior.biz,2023-05-01T04:21:11+00:00,DELETE,/var/yp/cinder.map,400
classic-velocity.biz,2023-11-16T20:33:25+00:00,POST,/home/aw.xlw,204
informal-fork.com,2024-01-15T11:01:37+00:00,GET,/usr/libdata/likewise_nougat.svg,502
trusty-fibre.biz,2023-06-27T06:52:18+00:00,POST,/private/tmp/oh.rmi,201
affectionate-wombat.biz,2023-11-20T20:24:46+00:00,GET,/var/log/yuck_oh.map,404
216.163.180.108,2023-08-01T23:58:00+00:00,GET,/private/yippee_icy.docx,502
182.206.245.173,2024-06-25T22:23:03+00:00,DELETE,/private/circa_without.mpga,418
159.108.10.83,2023-08-31T17:12:22+00:00,DELETE,/sbin/woeful.rar,404
219.208.185.160,2023-05-18T18:53:42+00:00,PATCH,/var/yp/geez_maul_woot.avi,404
overdue-dandelion.org,2024-03-23T12:12:08+00:00,PUT,/boot/plastic_seemingly.mpe,404
25.112.80.217,2023-08-29T00:18:28+00:00,DELETE,/usr/local/src/infatuated.xsd,200
90.185.198.187,2023-12-02T01:11:27+00:00,POST,/tmp/catalyst_bicycle_curiously.abw,200
other-requirement.biz,2023-04-17T02:49:47+00:00,GET,/usr/local/src/underneath_gloat.jar,500
241.244.177.173,2024-06-16T05:50:39+00:00,DELETE,/home/user/provided.jpeg,204
natural-mom.info,2024-03-31T17:56:23+00:00,PATCH,/usr/src/unaccountably.webp,400
acidic-scout.net,2024-06-04T21:33:37+00:00,GET,/Applications/before.docx,204
135.167.189.21,2023-11-14T17:06:51+00:00,PUT,/proc/almost.xls,500
101.216.187.107,2023-11-03T13:42:54+00:00,GET,/opt/bin/frank.svg,500
unselfish-version.com,2023-03-31T02:49:07+00:00,POST,/sbin/showy.mp4,418
regal-hawk.net,2023-04-15T09:07:16+00:00,POST,/mnt/taxicab.opus,502
242.170.221.18,2023-09-30T00:25:45+00:00,GET,/usr/ports/rarely.rtf,500
130.59.188.54,2024-03-08T01:37:59+00:00,PATCH,/usr/ports/function_self_confidence_frank.docx,502
fantastic-shore.info,2024-06-15T08:56:09+00:00,PUT,/Applications/within_aircraft_rapidly.tiff,404
163.121.251.208,2023-11-29T11:15:48+00:00,GET,/boot/defaults/delightfully.otf,500
married-giant.org,2023-04-29T15:48:50+00:00,DELETE,/selinux/aboard_bashfully_traduce.buffer,500
numb-cash.info,2024-02-14T15:18:14+00:00,PATCH,/Users/till_untimely_psst.deploy,204
101.82.0.30,2024-06-24T13:17:34+00:00,POST,/net/alongside_cruelly.img,204
116.59.251.236,2023-04-01T00:02:46+00:00,PUT,/var/which.distz,502
small-ravioli.name,2023-08-03T04:32:38+00:00,PUT,/lost+found/gah.sh,204
pretty-orchid.org,2023-10-14T10:53:37+00:00,PUT,/usr/local/src/once_hm_helpfully.xhtml,200
36.70.157.169,2023-12-22T01:01:00+00:00,DELETE,/lost+found/malfunction_deployment_deny.ttf,201
cheerful-other.net,2024-03-13T02:25:41+00:00,PUT,/System/babyish.jpg,201
flawed-cutover.name,2024-04-29T13:24:04+00:00,POST,/var/mail/blah.dll,200
entire-guacamole.info,2023-05-20T09:14:43+00:00,DELETE,/proc/vacantly_aw.war,502
245.228.111.138,2024-04-22T19:59:38+00:00,DELETE,/var/spool/lightly.log,201
probable-confusion.biz,2023-08-16T19:42:37+00:00,PATCH,/lost+found/dual_mad_ah.bpk,204
66.26.97.149,2023-08-28T01:34:30+00:00,PUT,/opt/lib/ponder_boggle_unaccountably.m3a,418
long-grandson.org,2023-06-08T21:04:41+00:00,POST,/etc/defaults/whether.txt,400
unknown-challenge.info,2024-02-10T13:06:19+00:00,DELETE,/sys/quixotic_once_phooey.odp,204
56.134.246.119,2023-08-24T00:04:32+00:00,POST,/usr/lib/jubilantly_phooey.buffer,204
short-skyscraper.org,2023-08-29T09:15:13+00:00,GET,/opt/share/why_noted_amnesty.pkg,200
220.100.127.14,2023-07-29T17:49:45+00:00,POST,/sys/regarding.pkg,400
silent-deer.org,2023-10-15T22:28:08+00:00,PUT,/private/var/geez_terraform_puzzled.xlw,400
37.224.137.248,2023-08-06T23:55:45+00:00,PATCH,/rescue/wherever.avi,400
94.232.138.215,2023-10-12T14:40:30+00:00,DELETE,/etc/ppp/gosh.mpeg,204
198.40.96.11,2023-12-03T09:13:33+00:00,PATCH,/etc/defaults/circa_finally.tiff,418
131.223.51.162,2023-12-02T00:26:18+00:00,DELETE,/Applications/behind_blah_fully.jsonld,200
154.169.151.52,2024-01-20T15:20:19+00:00,PATCH,/boot/expansion.m3a,200
weird-hygienic.com,2023-07-08T07:25:50+00:00,PUT,/var/spool/lest_director.svgz,204
mundane-story.net,2024-02-05T18:52:09+00:00,PATCH,/usr/local/src/circa.dist,201
246.142.142.73,2023-09-15T16:13:51+00:00,PUT,/root/newsletter_for.weba,418
56.117.196.22,2023-08-23T02:36:52+00:00,PATCH,/usr/src/because_deny_gadzooks.woff2,502
gullible-chow.name,2023-11-22T20:19:45+00:00,PATCH,/bin/triumphantly_with.tar,418
dramatic-taxicab.name,2024-02-23T00:00:42+00:00,PATCH,/opt/lib/brook_quietly_carefully.png,404